country,year,electricity_demand_per_capita,temperature_change_c,co2_per_capita,gdp,population,renewables_share_elec,fossil_share_elec
Afghanistan,2001,38.45337677001953,1.292,0.052705679,11021272927.0,20284303.0,72.4637680053711,27.536231994628903
Afghanistan,2002,37.88920211791992,1.399,0.062730715,18804871508.0,21378123.0,78.87324523925781,21.12676239013672
Afghanistan,2003,44.4286994934082,0.593,0.068608426,21074343420.0,22733053.0,69.23076629638672,30.769229888916016
Afghanistan,2004,37.77483749389648,1.437,0.052513268,22332570533.0,23560656.0,70.88607788085938,29.11392402648925
Afghanistan,2005,37.69784927368164,0.454,0.077424295,25397686814.0,24404575.0,71.95121765136719,28.04878044128418
Afghanistan,2006,52.31257247924805,1.794,0.084931932,28704399925.0,25424100.0,71.11111450195312,28.88888931274414
Afghanistan,2007,62.52447891235352,0.669,0.108063489,34507529735.0,25909852.0,74.2574234008789,25.742572784423828
Afghanistan,2008,57.77371597290039,0.709,0.160652086,36561043230.0,26482631.0,69.23077392578125,30.76923179626465
Afghanistan,2009,74.27336883544922,0.92,0.232586041,44358722212.0,27466102.0,87.64044952392578,12.35955047607422
Afghanistan,2010,97.22781372070312,1.658,0.295742393,47399425562.0,28284088.0,85.2272720336914,14.772727012634276
Afghanistan,2011,119.2597427368164,1.402,0.388773918,53326336000.0,29347708.0,77.92208099365234,22.07792282104492
Afghanistan,2012,129.25376892089844,0.189,0.318429023,59166900000.0,30560036.0,84.09091186523438,15.909090995788574
Afghanistan,2013,149.5760498046875,1.265,0.281172842,62993700000.0,31622709.0,80.18017578125,19.81982040405273
Afghanistan,2014,148.50942993164062,0.413,0.265233219,64346106000.0,32792528.0,86.20690155029297,13.793103218078612
Afghanistan,2015,146.60777282714844,1.076,0.277384281,62783392000.0,33831767.0,87.28813934326172,12.711865425109863
Afghanistan,2016,159.65135192871094,1.525,0.248005182,64372217488.0,34700613.0,87.60330200195312,12.39669418334961
Afghanistan,2017,164.47671508789062,1.554,0.260894656,65169281649.0,35688941.0,86.50794219970703,13.492063522338867
Afghanistan,2018,167.65078735351562,1.548,0.27737236,65996738862.0,36743040.0,82.90599060058594,17.094017028808594
Albania,2001,1728.1126708984375,1.591,1.023098588,16103903904.0,3147943.0,95.39295196533205,4.607046127319336
Albania,2002,1856.9954833984373,0.548,1.195966244,17037279441.0,3134095.0,93.800537109375,6.199460983276367
Albania,2003,1972.359375,1.068,1.380170226,18171076149.0,3118093.0,97.89674377441406,2.103250503540039
Albania,2004,1946.001220703125,0.512,1.347899199,19346601376.0,3098662.0,97.47747039794922,2.522522449493408
Albania,2005,1872.4669189453125,0.231,1.38530457,20562850324.0,3076156.0,98.70130157470705,1.298701286315918
Albania,2006,1851.97021484375,0.422,1.281863332,21889974405.0,3050805.0,98.21427917480467,1.7857143878936768
Albania,2007,1872.3822021484373,1.436,1.324428201,23259283502.0,3022887.0,97.52650451660156,2.4734983444213867
Albania,2008,2068.205322265625,1.024,1.486280799,25006230217.0,2992933.0,100.0,0.0
Albania,2009,2228.610107421875,0.931,1.475580335,25821550979.0,2961487.0,100.0,0.0
Albania,2010,2260.364501953125,1.187,1.644685388,26747818608.0,2928731.0,100.0,0.0
Albania,2011,2558.8193359375,1.032,1.777587414,27431048326.0,2911499.0,98.56802368164062,1.431980848312378
Albania,2012,2494.8427734375,1.53,1.694158435,27819814441.0,2910003.0,100.0,0.0
Albania,2013,3191.66748046875,1.374,1.838678718,28098562696.0,2907571.0,100.0,0.0
Albania,2014,2682.73974609375,1.325,2.091259003,28597169040.0,2903748.0,100.0,0.0
Albania,2015,2514.977783203125,1.683,1.625643015,29231663899.0,2898634.0,100.0,0.0
Albania,2016,2670.928955078125,1.581,1.571857333,30200694449.0,2897868.0,100.0,0.0
Albania,2017,2567.07080078125,1.231,1.843802691,31348975722.0,2898245.0,100.0,0.0
Albania,2018,2639.73583984375,2.147,1.794902921,32609000823.0,2894229.0,100.0,0.0
Algeria,2001,848.0357666015625,1.793,2.745477915,223420294027.0,31331226.0,0.2629601657390594,99.73703002929688
Algeria,2002,870.21337890625,1.187,2.823812723,245360923720.0,31750832.0,0.2169981896877288,99.7830047607422
Algeria,2003,919.3240966796876,1.518,2.92387104,273568638765.0,32175813.0,0.8792694807052612,99.1207275390625
Algeria,2004,958.064453125,0.92,2.784471273,296773569597.0,32628286.0,0.800000011920929,99.1999969482422
Algeria,2005,1026.60107421875,1.192,3.309177876,326854481030.0,33109258.0,1.6219404935836792,98.37805938720705
Algeria,2006,1050.158203125,1.333,3.087059498,345705309468.0,33623505.0,0.6244677901268005,99.37552642822266
Algeria,2007,1088.055908203125,1.158,3.145671844,371665260161.0,34189420.0,0.5915569067001343,99.408447265625
Algeria,2008,1154.03515625,1.129,3.11905694,395658515586.0,34816963.0,0.6959980130195618,99.30400848388672
Algeria,2009,1083.953857421875,0.887,3.277726889,418247711085.0,35490442.0,0.7792208194732666,99.22077941894533
Algeria,2010,1261.7359619140625,2.182,3.256510019,450705801593.0,36188237.0,0.371747225522995,99.62825775146484
Algeria,2011,1384.1552734375,1.323,3.37950778,482028679734.0,36903374.0,0.976181149482727,99.02381896972656
Algeria,2012,1523.3955078125,1.081,3.601786613,498417638719.0,37646165.0,1.080139398574829,98.91985321044922
Algeria,2013,1556.7169189453125,1.108,3.684428215,512373332647.0,38414176.0,0.5510101914405823,99.44898986816406
Algeria,2014,1634.4840087890625,1.603,3.888139725,531843509827.0,39205035.0,0.3889839947223663,99.61101531982422
Algeria,2015,1719.4105224609375,1.05,4.006084442,551521739825.0,40019528.0,0.3195816576480865,99.68042755126952
Algeria,2016,1732.8948974609375,1.685,3.875288486,569170418715.0,40850719.0,0.4786036014556885,99.52139282226562
Algeria,2017,1816.533203125,1.431,3.963885784,577138830559.0,41689302.0,0.841330349445343,99.1586685180664
Algeria,2018,1803.55126953125,1.15,4.104483128,584064441740.0,42505033.0,1.0684038400650024,98.9315948486328
Angola,2001,97.92679595947266,0.118,0.949917436,26015021059.0,16747204.0,62.19512176513672,37.80487823486328
Angola,2002,101.57146453857422,0.569,0.927993953,31389808151.0,17327701.0,64.7727279663086,35.227272033691406
Angola,2003,110.9023208618164,0.768,0.974403858,35081368421.0,17943718.0,62.31155776977539,37.68844223022461
Angola,2004,120.42735290527344,0.312,0.914801002,41307235678.0,18600426.0,78.125,21.875
Angola,2005,136.33187866210938,0.909,0.797609866,51967661783.0,19291160.0,84.41064453125,15.58935260772705
Angola,2006,148.88624572753906,0.347,0.85658741,66749579296.0,20015281.0,85.23489379882812,14.765100479125977
Angola,2007,155.9298858642578,0.676,0.846445918,87086353818.0,20778570.0,76.85185241699219,23.14814758300781
Angola,2008,187.6854705810547,0.178,0.868921399,105593132748.0,21578656.0,77.77777862548828,22.22222137451172
Angola,2009,219.05194091796875,0.448,0.922085166,115247846475.0,22414775.0,66.5987777709961,33.401222229003906
Angola,2010,234.3868560791016,0.951,0.986627817,126984175354.0,23294822.0,67.94871520996094,32.0512809753418
Angola,2011,233.70700073242188,0.604,0.966086626,140477268750.0,24218358.0,71.02473449707031,28.975265502929688
Angola,2012,306.62420654296875,0.275,1.03032732,152476849129.0,25177398.0,70.98445892333984,29.015544891357425
Angola,2013,311.4774475097656,0.782,0.982577384,160032073258.0,26165616.0,58.03681182861328,41.963191986083984
Angola,2014,351.9783020019531,0.564,0.960655808,167750415635.0,27160767.0,52.82426834106445,47.17573165893555
Angola,2015,347.3282470703125,1.11,0.976824403,169333972139.0,28157802.0,54.60123062133789,45.398773193359375
Angola,2016,376.2455139160156,1.343,0.872616649,164965166058.0,29183072.0,58.56101989746094,41.43898391723633
Angola,2017,357.5346069335937,0.626,0.780589104,164717711409.0,30234836.0,71.41535186767578,28.58464241027832
Angola,2018,419.8464050292969,1.189,0.743775129,162550037080.0,31297160.0,79.4520492553711,20.547945022583008
Argentina,2001,2442.27099609375,0.381,3.588162899,514867255248.0,37624817.0,41.03616714477539,51.13157272338867
Argentina,2002,2380.004150390625,0.246,3.285097599,460558541367.0,38029345.0,43.007450103759766,50.11230850219727
Argentina,2003,2527.0478515625,0.596,3.498334408,503104157615.0,38424283.0,37.75387954711914,54.024112701416016
Argentina,2004,2672.357666015625,0.4,4.050790787,550306327169.0,38815915.0,31.31857109069824,60.83183670043945
Argentina,2005,2795.486572265625,0.196,4.123947144,601050418142.0,39216786.0,33.29550552368164,60.20803451538086
Argentina,2006,2922.358154296875,0.5,4.400110245,652296814311.0,39622113.0,34.505863189697266,58.68817901611328
Argentina,2007,3026.7314453125,-0.271,4.342269421,714725198062.0,40016767.0,28.497180938720703,65.11627960205078
Argentina,2008,3151.333984375,0.479,4.640679836,747157417513.0,40424151.0,26.617996215820312,67.32015228271484
Argentina,2009,3144.793212890625,0.728,4.36615324,705920838368.0,40854832.0,29.30837059020996,64.0042495727539
Argentina,2010,3259.972412109375,0.029,4.507802963,785785170150.0,41288694.0,27.5952377319336,66.68253326416016
Argentina,2011,3334.718994140625,0.246,4.550223827,837742673804.0,41730655.0,25.18341064453125,69.8741226196289
Argentina,2012,3406.64501953125,0.673,4.547124386,829147409948.0,42161718.0,22.78341293334961,72.51139068603516
Argentina,2013,3464.102783203125,0.348,4.450773239,849088398588.0,42582453.0,24.93366813659668,70.61312866210938
Argentina,2014,3449.231689453125,0.87,4.38217926,827750786191.0,43024071.0,24.93142890930176,71.09138488769531
Argentina,2015,3550.84228515625,0.857,4.411729336,850356641236.0,43477011.0,23.67624855041504,71.48259735107422
Argentina,2016,3569.45068359375,0.39,4.328454494,832669278245.0,43900312.0,21.395570755004883,72.97866821289062
Argentina,2017,3523.908203125,0.986,4.223813057,856142153676.0,44288898.0,23.130279541015625,72.68730926513672
Argentina,2018,3501.0732421875,0.764,4.086529255,833736983405.0,44654876.0,23.99509620666504,71.32443237304688
Armenia,2001,1741.0474853515625,1.458,1.145363212,16184137401.0,3084350.0,16.72473907470703,48.60627365112305
Armenia,2002,1623.22998046875,1.163,1.006923914,18018113990.0,3055636.0,30.885122299194336,29.75518035888672
Armenia,2003,1651.8721923828125,0.151,1.137080431,19928773567.0,3038976.0,36.98113250732422,28.679243087768555
Armenia,2004,1667.469482421875,1.106,1.221221924,21350959248.0,3022544.0,34.19689178466797,27.806564331054688
Armenia,2005,1762.9293212890625,0.469,1.455637097,23626538545.0,3006360.0,28.78289604187012,30.09868621826172
Armenia,2006,1805.7960205078125,1.602,1.471921086,25937834265.0,2990371.0,31.69877243041992,25.9194393157959
Armenia,2007,1939.60986328125,0.734,1.714457154,28610365796.0,2974825.0,32.27513122558594,26.27865982055664
Armenia,2008,1986.4892578125,0.835,1.883377552,29672467967.0,2959996.0,30.169490814208984,31.355932235717773
Armenia,2009,1833.2938232421875,0.673,1.481403232,24704739187.0,2945518.0,36.76470565795898,21.139705657958984
Armenia,2010,1873.0277099609373,2.716,1.452164292,24485670654.0,2931083.0,40.5103645324707,22.966508865356445
Armenia,2011,2011.44677734375,0.72,1.69976759,24860520809.0,2923269.0,34.11927795410156,33.148406982421875
Armenia,2012,2128.293701171875,1.342,1.966875911,26634064691.0,2922529.0,29.41176414489746,43.4782600402832
Armenia,2013,2165.9345703125,1.403,1.893953085,27542825799.0,2922526.0,28.70494270324707,42.32310104370117
Armenia,2014,2196.7998046875,1.189,1.91761899,28536291283.0,2922433.0,26.162017822265625,43.69189834594727
Armenia,2015,2156.66357421875,1.843,1.87225914,29464863299.0,2921179.0,28.87417221069336,37.08609008789063
Armenia,2016,2107.033203125,1.319,1.783844113,29522321034.0,2918796.0,32.81690216064453,36.33802795410156
Armenia,2017,2198.996337890625,0.844,1.899366617,31741802974.0,2914966.0,29.88047790527344,38.11420822143555
Armenia,2018,2120.296142578125,2.691,2.000749111,33400320594.0,2909971.0,30.43478202819824,44.53227996826172
Australia,2001,11580.4248046875,0.318,18.46938705,713890072308.0,19365438.0,7.6964240074157715,92.30358123779295
Australia,2002,11405.25390625,0.708,18.49545097,747065694937.0,19595356.0,8.031679153442383,91.96831512451172
Australia,2003,11400.41796875,0.812,18.7081089,774450991263.0,19819449.0,8.258463859558105,91.74153137207033
Australia,2004,11434.8115234375,0.694,19.05576897,809792445090.0,20046679.0,8.454390525817871,91.54561614990234
Australia,2005,11369.5888671875,1.179,18.97468185,840092380696.0,20294490.0,8.979804039001465,91.02019500732422
Australia,2006,11558.2060546875,0.697,19.0073719,866678665246.0,20590566.0,8.882725715637207,91.11727142333984
Australia,2007,11605.5966796875,0.901,19.03626442,911250727265.0,20954545.0,8.343271255493164,91.65672302246094
Australia,2008,11482.1328125,0.598,18.91754913,937889628737.0,21370595.0,7.791996479034424,92.20800018310548
Australia,2009,11472.2412109375,1.001,18.68323135,963129933389.0,21783014.0,8.067227363586426,91.93277740478516
Australia,2010,11334.78125,0.65,18.29254723,993853968687.0,22141583.0,8.829740524291992,91.17025756835938
Australia,2011,11400.4677734375,0.18,17.96611977,1024000293343.0,22479779.0,11.943967819213867,88.0560302734375
Australia,2012,10968.5322265625,0.282,17.72245979,1062662906305.0,22852648.0,12.076119422912598,87.92388153076172
Australia,2013,10740.10546875,1.474,17.12193298,1086068056518.0,23236271.0,14.237056732177734,85.762939453125
Australia,2014,10495.6005859375,1.161,16.63910294,1113888062929.0,23595599.0,13.22834587097168,86.77165222167969
Australia,2015,10605.8974609375,1.065,16.72746086,1139303344945.0,23947997.0,14.09504222869873,85.90495300292969
Australia,2016,10613.662109375,1.167,16.83793449,1169967279612.0,24329963.0,16.16388511657715,83.83611297607422
Australia,2017,10471.4541015625,1.139,16.71615028,1197832839959.0,24731044.0,15.133026123046877,84.86697387695312
Australia,2018,10455.140625,1.126,16.51216316,1231576952488.0,25119700.0,18.84400177001953,81.15599822998047
Austria,2001,7609.82666015625,1.501,8.727766037,285335695766.0,8042233.0,69.26861572265625,30.731388092041016
Austria,2002,7588.806640625,1.532,8.907645226,291231427735.0,8081640.0,69.10770416259766,30.892295837402344
Austria,2003,7827.5390625,1.461,9.530432701,294489280951.0,8122604.0,60.79006576538086,39.20993423461914
Austria,2004,7943.96923828125,0.824,9.508283615,303692479841.0,8173496.0,64.0582046508789,35.941795349121094
Austria,2005,8140.51953125,0.623,9.611558914,311441138652.0,8229204.0,63.507843017578125,36.49215316772461
Austria,2006,8289.095703125,0.902,9.286230087,323236897651.0,8269901.0,65.35926818847656,34.64073181152344
Austria,2007,8298.2314453125,2.133,8.930049896,336303973991.0,8296948.0,68.70921325683594,31.2907829284668
Austria,2008,8318.865234375,1.584,8.826658249,342892519161.0,8323250.0,69.16744232177734,30.832557678222656
Austria,2009,8027.49072265625,1.543,8.064849854,331119036991.0,8345073.0,71.25811767578125,28.741884231567383
Austria,2010,8399.1953125,0.656,8.607232094,338832243101.0,8365087.0,66.33736419677734,33.662635803222656
Austria,2011,8387.6708984375,1.377,8.327111244,349713455451.0,8393272.0,65.7717056274414,34.22829818725586
Austria,2012,8474.07421875,1.782,7.977175236,352093108730.0,8431599.0,74.77057647705078,25.22942352294922
Austria,2013,8467.9306640625,1.096,7.98910284,352182904722.0,8481411.0,78.23392486572266,21.76607131958008
Austria,2014,8285.1611328125,2.402,7.505866528,354511819035.0,8547812.0,81.55970764160156,18.44029235839844
Austria,2015,8310.9306640625,2.163,7.676711559,358108266932.0,8644037.0,77.03140258789062,22.96859741210937
Austria,2016,8243.380859375,2.091,7.692761898,365232738553.0,8737920.0,78.74209594726562,21.25790023803711
Austria,2017,8369.3427734375,1.733,7.910356522,373481694490.0,8798779.0,76.0918197631836,23.908185958862305
Austria,2018,8326.498046875,2.523,7.528740406,382540042762.0,8841653.0,77.40838623046875,22.59161949157715
Azerbaijan,2001,2380.093505859375,1.423,3.443556786,36862177017.0,8251776.0,6.803797721862793,93.19620513916016
Azerbaijan,2002,2417.6865234375,1.456,3.43140173,40295217200.0,8326141.0,10.70663833618164,89.29336547851562
Azerbaijan,2003,2717.686279296875,-0.077,3.629246235,44994637993.0,8400528.0,11.47695255279541,88.5230484008789
Azerbaijan,2004,2719.710693359375,1.345,3.799000978,50107477354.0,8489874.0,12.569061279296877,87.43093872070312
Azerbaijan,2005,2796.24365234375,0.868,3.977267981,64019175136.0,8597248.0,13.047285079956056,86.95271301269531
Azerbaijan,2006,2915.726318359375,1.548,3.962842703,87026407066.0,8711380.0,10.15911865234375,89.84088134765625
Azerbaijan,2007,2444.408203125,1.01,3.402324438,109944254894.0,8828313.0,10.724105834960938,89.27589416503906
Azerbaijan,2008,2350.537109375,0.918,3.694269419,123130002462.0,8942637.0,10.222016334533691,89.7779769897461
Azerbaijan,2009,2053.8701171875,0.826,3.217056751,136020226283.0,9046336.0,12.148540496826172,87.85145568847656
Azerbaijan,2010,2001.781494140625,2.383,3.011861563,144296577620.0,9146852.0,18.26459693908692,81.73540496826172
Azerbaijan,2011,2116.429443359375,0.814,3.263798714,145980469968.0,9256156.0,13.073508262634276,86.9264907836914
Azerbaijan,2012,2392.232421875,1.505,3.495034218,149196415149.0,9376179.0,7.836308479309082,92.1636962890625
Azerbaijan,2013,2407.3017578125,1.587,3.530872822,157913964589.0,9504417.0,6.709677219390869,93.29032135009766
Azerbaijan,2014,2518.91357421875,1.243,3.566013336,162332395164.0,9631136.0,5.562322616577148,94.43768310546876
Azerbaijan,2015,2502.855712890625,1.664,3.556221724,164036906588.0,9752859.0,6.959707260131836,93.04029846191406
Azerbaijan,2016,2418.823486328125,1.451,3.518994808,159010796104.0,9868434.0,8.410462379455566,91.58953857421876
Azerbaijan,2017,2312.28125,1.284,3.480788946,159255674569.0,9968510.0,7.762180328369141,92.23782348632812
Azerbaijan,2018,2372.5615234375,2.239,3.44392252,161644514845.0,10039782.0,7.759650230407715,92.2403564453125
Bahrain,2001,20886.7890625,1.152,28.11479378,12074987722.0,699964.0,0.0,100.0
Bahrain,2002,20287.0234375,1.513,26.73698807,13787453002.0,752205.0,0.0,100.0
Bahrain,2003,19352.23046875,1.196,25.85605812,16535287306.0,811276.0,0.0,100.0
Bahrain,2004,18532.416015625,1.323,24.33147621,19633464819.0,871446.0,0.0,100.0
Bahrain,2005,20769.490234375,1.007,26.25567245,22873324996.0,932618.0,0.0,100.0
Bahrain,2006,21153.681640625,1.752,24.16570663,26149797771.0,994626.0,0.0,100.0
Bahrain,2007,20550.037109375,0.964,25.18045235,30119518073.0,1057419.0,0.0,100.0
Bahrain,2008,20192.412109375,1.224,26.34428215,33548850204.0,1120718.0,0.0,100.0
Bahrain,2009,19203.86328125,1.115,23.77264023,35937223742.0,1183616.0,0.0,100.0
Bahrain,2010,19773.369140625,2.178,24.02024078,39778047298.0,1213248.0,0.0,100.0
Bahrain,2011,20269.603515625,1.326,23.65404892,43727144774.0,1206733.0,0.0,100.0
Bahrain,2012,20233.37890625,1.28,22.3648243,45357290589.0,1216307.0,0.0,100.0
Bahrain,2013,20625.1015625,1.409,24.83942223,47813841200.0,1257206.0,0.0,100.0
Bahrain,2014,20763.876953125,1.814,23.59034157,49894227022.0,1312857.0,0.0366837829351425,99.96331787109376
Bahrain,2015,20793.541015625,2.367,23.74363708,51134096686.0,1369656.0,0.0351000353693962,99.96489715576172
Bahrain,2016,19935.521484375,1.649,22.12873268,52953446666.0,1429609.0,0.0350631140172481,99.96493530273438
Bahrain,2017,19750.296875,2.082,22.21087265,55226208950.0,1482003.0,0.0342114269733428,99.96578979492188
Bahrain,2018,19864.666015625,2.193,21.83342934,56391482183.0,1497634.0,0.0338409468531608,99.9661636352539
Bangladesh,2001,127.0413818359375,0.443,0.227067992,213164797419.0,136805810.0,5.638665676116943,94.36133575439452
Bangladesh,2002,136.3960418701172,0.527,0.23037535,226285297151.0,138933659.0,5.540896415710449,94.45909881591795
Bangladesh,2003,142.370361328125,0.39,0.237609774,242325893842.0,140970355.0,5.580468654632568,94.41954040527344
Bangladesh,2004,175.8537139892578,0.378,0.251766652,260372737862.0,142902857.0,4.814962387084961,95.18504333496094
Bangladesh,2005,186.2961883544922,0.811,0.260625839,280264340330.0,144715789.0,4.747774600982666,95.25222778320312
Bangladesh,2006,206.00250244140625,1.04,0.285000712,303255436424.0,146405983.0,4.608753204345703,95.39125061035156
Bangladesh,2007,209.4070587158203,0.552,0.288366169,327072515722.0,147989282.0,2.452404022216797,97.54759216308594
Bangladesh,2008,229.00262451171875,0.383,0.303339779,349461394439.0,149474264.0,2.8045573234558105,97.19544219970705
Bangladesh,2009,246.76266479492188,1.151,0.326023489,372693237092.0,150873716.0,1.262422800064087,98.7375717163086
Bangladesh,2010,268.4590759277344,1.09,0.355025113,400087800634.0,152201978.0,2.0313262939453125,97.96866607666016
Bangladesh,2011,287.9073486328125,0.408,0.361952752,431418704062.0,153591074.0,2.21619176864624,97.78380584716795
Bangladesh,2012,313.5355834960937,0.579,0.385012031,458456647637.0,155070110.0,1.8716578483581543,98.12834167480467
Bangladesh,2013,340.7607116699219,0.527,0.413734823,486135250102.0,156532134.0,2.0059993267059326,97.99400329589844
Bangladesh,2014,369.1958618164063,0.747,0.427638501,516793803718.0,157964931.0,1.391614556312561,98.60839080810548
Bangladesh,2015,393.2033386230469,0.993,0.482774466,552104723056.0,159383179.0,1.3493000268936155,98.65070343017578
Bangladesh,2016,453.38677978515625,1.603,0.508427203,589932630231.0,160811934.0,1.7947605848312378,98.20524597167967
Bangladesh,2017,481.6071166992188,1.4,0.533528149,630957812405.0,162186146.0,1.7562968730926514,98.24371337890624
Bangladesh,2018,513.2608032226562,1.151,0.52963835,678912369102.0,163523109.0,1.7687933444976809,98.231201171875
Barbados,2001,3162.76025390625,0.871,4.98219347,3330849682.0,262429.0,0.0,100.0
Barbados,2002,3255.664306640625,0.889,4.985012531,3319030722.0,264155.0,0.0,100.0
Barbados,2003,3273.273193359375,1.112,5.111031532,3362359775.0,265789.0,0.0,100.0
Barbados,2004,3329.629638671875,0.861,5.18811655,3369967163.0,267297.0,0.0,100.0
Barbados,2005,3684.17333984375,1.289,5.318130016,3466246054.0,268717.0,0.0,100.0
Barbados,2006,3777.623779296875,1.033,5.448074341,3622055423.0,270011.0,0.0,100.0
Barbados,2007,3870.28271484375,0.893,5.414857388,3642717925.0,271298.0,0.0,100.0
Barbados,2008,3850.11669921875,0.551,6.356091976,3618468400.0,272719.0,0.0,100.0
Barbados,2009,3903.158203125,0.689,6.200283051,3446882402.0,274137.0,0.0,100.0
Barbados,2010,3742.0390625,1.428,5.691532612,3418936167.0,275251.0,0.0,100.0
Barbados,2011,3766.069091796875,0.989,5.888980389,3406690000.0,276150.0,0.0,100.0
Barbados,2012,4080.173583984375,0.83,5.61192131,3415680000.0,276949.0,0.0,100.0
Barbados,2013,3637.42431640625,1.132,5.545567036,3412801000.0,277669.0,0.0,100.0
Barbados,2014,3700.310546875,0.797,4.913236618,3416200000.0,278355.0,0.970873773097992,99.02912902832033
Barbados,2015,3727.61181640625,1.27,4.783701897,3448059000.0,278999.0,0.9615384936332704,99.03845977783205
Barbados,2016,3755.310791015625,1.58,4.904990673,3528285767.0,279604.0,1.9047619104385376,98.0952377319336
Barbados,2017,3711.939208984375,1.237,4.994143009,3554020089.0,280177.0,2.884615421295166,97.11538696289062
Barbados,2018,3704.772216796875,0.972,5.154179096,3526291932.0,280719.0,2.884615421295166,97.11538696289062
Belarus,2001,3354.77685546875,1.956,5.444186211,94624119098.0,9938068.0,0.1196649372577667,99.88034057617188
Belarus,2002,3343.30908203125,1.87,5.463552475,98263269227.0,9873451.0,0.1133786886930465,99.88662719726562
Belarus,2003,3413.179931640625,0.061,5.63452673,103937865617.0,9803175.0,0.1126549020409584,99.8873519897461
Belarus,2004,3538.745361328125,0.907,5.996124268,114486408721.0,9735089.0,0.0961538404226303,99.90384674072266
Belarus,2005,3620.2529296875,1.252,6.143693924,123858071551.0,9667833.0,0.1291989684104919,99.8708038330078
Belarus,2006,3764.554931640625,0.625,6.4331007,134673942572.0,9608041.0,0.1257466226816177,99.87425994873048
Belarus,2007,3782.232421875,2.341,6.302918434,144615680573.0,9563135.0,0.157084509730339,99.8429183959961
Belarus,2008,3871.195068359375,2.232,6.603922367,157577029170.0,9529357.0,0.1997147053480148,99.80028533935548
Belarus,2009,3664.539306640625,1.577,6.377007484,156010272888.0,9507334.0,0.3621995151042938,99.63780212402344
Belarus,2010,3961.751220703125,1.426,6.586985111,166239903113.0,9490752.0,0.4011461138725281,99.59884643554688
Belarus,2011,3988.287109375,0.973,6.476821899,173120303880.0,9472738.0,0.434917688369751,99.5650863647461
Belarus,2012,4058.934326171875,1.512,6.614308357,175940441074.0,9463075.0,0.6815968751907349,99.3184051513672
Belarus,2013,4002.343994140625,1.153,6.778188705,177632980571.0,9464454.0,0.9520787596702576,99.04792022705078
Belarus,2014,4017.8603515625,2.118,6.72450161,180627882895.0,9472704.0,0.834772527217865,99.16522216796876
Belarus,2015,3869.3876953125,2.186,6.200697422,173709821418.0,9487289.0,0.9973599314689636,99.0026397705078
Belarus,2016,3851.957763671875,2.135,6.12566185,169304543676.0,9499066.0,1.2809056043624878,98.7190933227539
Belarus,2017,3906.9931640625,1.526,6.260074615,173606575679.0,9495793.0,2.260214567184448,97.7397918701172
Belarus,2018,4008.42578125,2.272,6.558065891,179054352755.0,9480031.0,2.077455759048462,97.92253875732422
Belgium,2001,8529.20703125,1.332,12.25672913,349015220419.0,10287005.0,1.3735216856002808,39.67951583862305
Belgium,2002,8567.716796875,1.393,12.27943993,355705534550.0,10332975.0,1.4084506034851074,40.07906723022461
Belgium,2003,8671.716796875,1.52,12.36399364,358937085300.0,10376262.0,1.4359220266342163,41.86909484863281
Belgium,2004,8702.37109375,1.085,12.36043072,372499172102.0,10421298.0,1.8091906309127808,41.12893295288086
Belgium,2005,8653.59375,1.193,11.99151516,380840056202.0,10478883.0,2.5005924701690674,41.08793640136719
Belgium,2006,8863.865234375,1.401,11.74585152,390874955040.0,10548445.0,3.551716089248657,40.47276306152344
Belgium,2007,8808.0654296875,1.88,11.34003448,404721960651.0,10625488.0,4.0202741622924805,40.42161178588867
Belgium,2008,8745.333984375,1.251,11.22386551,408290544814.0,10709711.0,5.3214545249938965,39.81459426879883
Belgium,2009,8131.00146484375,1.148,9.970168114,399489943721.0,10812936.0,6.060606002807617,41.33243942260742
Belgium,2010,8557.4892578125,0.224,10.47514343,411261674695.0,10936619.0,7.061479091644287,41.41229248046875
Belgium,2011,8318.0654296875,1.278,9.526455879,420934235947.0,11038624.0,9.363799095153809,36.615142822265625
Belgium,2012,8233.1591796875,1.125,9.226741791,424045845634.0,11107522.0,12.894123077392578,37.67635726928711
Belgium,2013,8206.78515625,0.46,9.21267128,425993254852.0,11160277.0,14.301403999328612,33.6668701171875
Belgium,2014,7921.4189453125,2.41,8.660122871,432717694183.0,11210113.0,17.14887809753418,35.5196647644043
Belgium,2015,7931.4736328125,1.362,8.986653328,441551470878.0,11275332.0,21.10185432434082,40.75697708129883
Belgium,2016,7984.85302734375,1.875,8.807806015,447144517813.0,11332707.0,16.90191078186035,31.479066848754883
Belgium,2017,8030.53076171875,1.721,8.726890564,454386396677.0,11376583.0,18.514179229736328,32.001407623291016
Belgium,2018,7979.97412109375,2.181,8.772403717,462533269863.0,11428608.0,23.22999763488769,38.05333709716797
Benin,2001,69.83991241455078,0.594,0.226859391,13306904218.0,7445599.0,0.0,100.0
Benin,2002,76.86865234375,0.793,0.274910331,13793055302.0,7675430.0,0.0,100.0
Benin,2003,74.56015014648438,1.012,0.302537054,14127733603.0,7913074.0,0.0,100.0
Benin,2004,80.89129638671875,0.791,0.317878276,14599811664.0,8159098.0,0.0,100.0
Benin,2005,84.26154327392578,1.175,0.295476764,14703566396.0,8426145.0,0.0,100.0
Benin,2006,85.12358856201172,1.105,0.38548398,15130030225.0,8693243.0,0.0,100.0
Benin,2007,89.34581756591797,0.865,0.439018518,15874980420.0,8953973.0,0.0,100.0
Benin,2008,96.44070434570312,0.701,0.424663544,16519715795.0,9228468.0,0.0,100.0
Benin,2009,105.15876007080078,1.001,0.444244981,16780073808.0,9509431.0,0.0,100.0
Benin,2010,107.17032623291016,1.287,0.477611214,17023196060.0,9797488.0,0.0,100.0
Benin,2011,108.97966766357422,1.004,0.443816632,17416238625.0,10093626.0,0.0,100.0
Benin,2012,107.716552734375,0.655,0.423416376,18305935000.0,10397659.0,0.0,100.0
Benin,2013,113.92466735839844,0.927,0.426374733,19651418479.0,10708831.0,0.0,100.0
Benin,2014,127.83308410644533,1.036,0.432820708,21043177203.0,11030008.0,0.0,100.0
Benin,2015,120.59136199951172,1.212,0.468126684,22279707949.0,11360681.0,0.0,100.0
Benin,2016,116.26073455810548,1.071,0.453976095,23134706997.0,11697845.0,0.0,100.0
Benin,2017,118.77295684814452,1.193,0.461387455,24568275710.0,12039777.0,0.0,100.0
Benin,2018,119.51532745361328,1.05,0.457747668,26346543293.0,12383349.0,0.0,100.0
Bolivia,2001,453.572265625,0.66,0.99994719,34794954024.0,8752740.0,54.54545593261719,45.45454406738281
Bolivia,2002,468.5204772949219,1.037,1.170175433,35770128530.0,8900358.0,53.605770111083984,46.394229888916016
Bolivia,2003,479.5207824707031,0.662,1.213504314,36849589696.0,9050703.0,46.65127182006836,53.34872817993164
Bolivia,2004,492.1614685058594,0.875,1.200648189,38518211935.0,9204297.0,48.34436798095703,51.65562438964844
Bolivia,2005,522.3935546875,0.817,1.317932963,40366066215.0,9360758.0,40.89979553222656,59.1002082824707
Bolivia,2006,525.1171264648438,0.947,1.298999786,42467223163.0,9521685.0,43.60000228881836,56.39999771118164
Bolivia,2007,561.6376953125,0.556,1.315307379,44577390720.0,9685960.0,43.19852828979492,56.80146789550781
Bolivia,2008,600.9628295898438,0.419,1.322493434,47500614555.0,9850859.0,39.69594192504883,60.30405044555664
Bolivia,2009,619.99072265625,0.683,1.361099005,49290119749.0,10016279.0,37.84218978881836,62.157806396484375
Bolivia,2010,653.0912475585938,0.701,1.454342246,51541502268.0,10182345.0,33.68421173095703,66.31578826904297
Bolivia,2011,685.0949096679688,1.161,1.551000476,54437027542.0,10348931.0,33.991539001464844,66.00846099853516
Bolivia,2012,704.6530151367188,0.854,1.671260595,57225289193.0,10515814.0,32.523616790771484,67.47638702392578
Bolivia,2013,731.0946044921875,0.567,1.664172411,61114326124.0,10682612.0,33.802818298339844,66.19718170166016
Bolivia,2014,765.0552978515625,1.008,1.834318876,64451770571.0,10848889.0,28.674699783325195,71.32530212402344
Bolivia,2015,817.08935546875,1.461,1.806650639,67582198248.0,11014707.0,29.44444465637207,70.55555725097656
Bolivia,2016,831.8411254882812,0.782,1.900676727,70463901130.0,11180020.0,20.75268745422364,79.24730682373047
Bolivia,2017,845.3367919921875,0.97,1.955256343,73419862854.0,11344591.0,25.13034439086914,74.8696517944336
Bolivia,2018,872.4085083007812,0.571,1.955869675,76521114837.0,11508370.0,29.581674575805664,70.41832733154297
Bosnia and Herzegovina,2001,2543.3994140625,1.548,3.173323154,27937499205.0,4179446.0,48.73000717163086,51.26998901367188
Bosnia and Herzegovina,2002,2576.405029296875,1.159,3.384092808,28997438498.0,4188006.0,48.84151840209961,51.15848159790039
Bosnia and Herzegovina,2003,2697.12548828125,1.117,3.436171055,29748999379.0,4178523.0,39.929012298583984,60.07098388671875
Bosnia and Herzegovina,2004,3074.14404296875,0.61,3.733999252,31229543774.0,4140990.0,46.97565078735352,53.02435302734375
Bosnia and Herzegovina,2005,3075.8017578125,0.151,3.91702795,32159580501.0,4096493.0,47.61904525756836,52.380950927734375
Bosnia and Herzegovina,2006,3270.765380859375,0.613,4.279022694,33580206309.0,4063269.0,43.942813873291016,56.05718612670898
Bosnia and Herzegovina,2007,2935.152587890625,1.879,4.353975296,35158268243.0,4013420.0,33.870967864990234,66.12903594970703
Bosnia and Herzegovina,2008,3716.23388671875,1.386,5.055062294,36676627730.0,3947545.0,33.196998596191406,66.8030014038086
Bosnia and Herzegovina,2009,3989.8984375,1.398,5.29334116,35937393954.0,3879798.0,40.31007766723633,59.68992233276367
Bosnia and Herzegovina,2010,4441.84423828125,0.97,5.547898293,35774435069.0,3811480.0,47.43059539794922,52.56940078735352
Bosnia and Herzegovina,2011,4027.474365234375,1.133,6.351196289,35664062419.0,3741799.0,29.13072204589844,70.86927795410156
Bosnia and Herzegovina,2012,3762.8310546875,1.77,6.031914711,35371051813.0,3670109.0,30.050687789916992,69.94931030273438
Bosnia and Herzegovina,2013,4777.25927734375,1.332,6.0376544,36202157063.0,3610857.0,41.97101211547852,58.02898788452149
Bosnia and Herzegovina,2014,4777.22509765625,1.841,5.417307377,36619951250.0,3564831.0,34.87962341308594,65.12037658691406
Bosnia and Herzegovina,2015,4669.54931640625,1.829,5.246632576,38199900995.0,3518541.0,33.77967071533203,66.22032928466797
Bosnia and Herzegovina,2016,5099.341796875,1.697,6.258016109,39438504839.0,3472997.0,31.677021026611328,68.32299041748047
Bosnia and Herzegovina,2017,4736.51123046875,1.416,6.460936546,40717914490.0,3428684.0,23.522167205810547,76.47783660888672
Bosnia and Herzegovina,2018,5630.35302734375,2.269,6.518660545,42277004927.0,3386999.0,34.347145080566406,65.65286254882812
Botswana,2001,1314.0496826171875,-0.075,2.246849775,13725120137.0,1712264.0,0.0,100.0
Botswana,2002,1369.81201171875,0.518,2.278496027,14885467195.0,1744765.0,0.0,100.0
Botswana,2003,1492.332275390625,1.038,2.15414834,15922248755.0,1775744.0,0.0,100.0
Botswana,2004,1593.6669921875,0.174,2.155230999,16720998899.0,1807153.0,0.0,100.0
Botswana,2005,1608.7996826171875,1.395,2.22642231,17874650435.0,1839881.0,0.0,100.0
Botswana,2006,1621.7432861328125,-0.397,2.204819679,19804034564.0,1874526.0,0.0,100.0
Botswana,2007,1684.805419921875,0.38,2.212356567,21924081026.0,1911200.0,0.0,100.0
Botswana,2008,1687.202880859375,0.284,2.309291363,23814412331.0,1949973.0,0.0,100.0
Botswana,2009,1692.896484375,-0.09,1.936756015,22485468865.0,1990671.0,0.0,100.0
Botswana,2010,1726.4190673828125,1.24,2.231691837,24958864035.0,2033110.0,0.0,100.0
Botswana,2011,1745.808349609375,-0.026,1.942960262,27061119164.0,2073538.0,0.0,100.0
Botswana,2012,1716.7650146484375,0.509,2.40760231,27014847416.0,2108617.0,0.0,100.0
Botswana,2013,1747.1026611328125,0.838,2.645438194,30014304729.0,2140687.0,0.0,100.0
Botswana,2014,1836.9718017578125,-0.102,3.153773785,31724220202.0,2172053.0,0.0,100.0
Botswana,2015,2015.1810302734373,1.474,2.458856821,30185273524.0,2203276.0,0.0,100.0
Botswana,2016,1950.9715576171875,1.442,2.837353945,32359220755.0,2234784.0,0.0,100.0
Botswana,2017,1870.5201416015625,-0.026,3.117391586,33690154993.0,2266749.0,0.0,100.0
Botswana,2018,1661.4842529296875,0.713,3.324486971,35101769105.0,2299149.0,0.321543425321579,99.67845916748048
Brazil,2001,2078.261474609375,0.777,1.963490486,1785513006345.0,176301201.0,84.28854370117188,11.365089416503906
Brazil,2002,2141.582763671875,1.065,1.948225021,1861742323845.0,178503485.0,85.73990631103516,10.256855010986328
Brazil,2003,2228.844970703125,0.952,1.908093214,1904932706436.0,180622688.0,87.16484832763672,9.168746948242188
Brazil,2004,2325.82275390625,0.814,1.978561521,2038447931287.0,182675144.0,86.03577423095703,10.968025207519531
Brazil,2005,2393.819580078125,1.157,1.972896814,2129214530430.0,184688101.0,87.1287841796875,10.427468299865724
Brazil,2006,2467.73291015625,0.84,1.976238012,2240805319046.0,186653099.0,86.75408172607422,9.967815399169922
Brazil,2007,2566.82080078125,1.008,2.071432829,2405626901513.0,188552311.0,88.2264404296875,8.999214172363281
Brazil,2008,2654.8154296875,0.745,2.167587996,2559842659987.0,190367297.0,84.31495666503906,12.668941497802734
Brazil,2009,2635.1005859375,0.984,2.029234648,2589568436235.0,192079958.0,89.04690551757812,8.172983169555664
Brazil,2010,2841.7373046875,1.141,2.27292037,2820492538862.0,193701931.0,84.80225372314453,12.38270664215088
Brazil,2011,2906.78125,0.802,2.365322351,2968455007203.0,195284736.0,87.19346618652344,9.861591339111328
Brazil,2012,3010.827392578125,1.071,2.526808262,3025484250011.0,196876113.0,82.56289672851562,14.533937454223633
Brazil,2013,3079.228271484375,0.982,2.678221464,3116394665745.0,198478290.0,76.8249740600586,20.46843910217285
Brazil,2014,3120.322021484375,1.204,2.781443596,3132099937531.0,200085126.0,73.27914428710938,24.116500854492188
Brazil,2015,3052.626220703125,1.607,2.61892724,3021043246476.0,201675534.0,74.20770263671875,23.25797462463379
Brazil,2016,3049.33447265625,1.574,2.419788361,2922076150345.0,203218108.0,80.46778869628906,16.792482376098633
Brazil,2017,3056.47021484375,1.416,2.429146051,2960731613785.0,204703440.0,79.24726867675781,18.08185577392578
Brazil,2018,3087.567138671875,1.199,2.312390804,3013541086239.0,206107265.0,82.35753631591797,15.03683090209961
Bulgaria,2001,4604.93212890625,1.669,6.182748318,68877651140.0,7928455.0,3.798342704772949,51.19705581665039
Bulgaria,2002,4551.0341796875,0.873,5.868906021,73450036758.0,7861949.0,5.038022518157959,46.91064453125
Bulgaria,2003,4714.00439453125,0.198,6.469578266,77722336425.0,7804405.0,7.071901798248291,52.05771255493164
Bulgaria,2004,4578.4013671875,0.55,6.39237833,83228668873.0,7749430.0,7.59187650680542,51.74081039428711
Bulgaria,2005,4718.61962890625,0.238,6.575704575,89684785590.0,7695047.0,9.797221183776855,47.71018600463867
Bulgaria,2006,4934.36669921875,0.592,6.784752846,96404598197.0,7640292.0,9.308979034423828,47.79929733276367
Bulgaria,2007,5054.76806640625,1.904,7.337548733,104058200673.0,7586896.0,6.725829601287842,59.08453750610352
Bulgaria,2008,5195.34716796875,1.196,7.169434547,110900337989.0,7535589.0,6.585749626159668,57.96808242797852
Bulgaria,2009,4973.2802734375,1.313,6.10979557,107365071902.0,7488016.0,8.697707176208496,55.23516845703125
Bulgaria,2010,5039.26416015625,1.376,6.428920269,109045208364.0,7437594.0,12.540822982788086,54.25647735595703
Bulgaria,2011,5325.1865234375,0.432,7.197871685,109435363210.0,7380023.0,7.786229133605957,59.567657470703125
Bulgaria,2012,5213.87158203125,1.693,6.597844601,110261509885.0,7317020.0,11.300043106079102,54.73525619506836
Bulgaria,2013,5071.16357421875,1.496,5.861707211,109643527181.0,7264605.0,16.06229591369629,50.9995346069336
Bulgaria,2014,5185.8876953125,1.222,6.253115177,110703533681.0,7223450.0,15.750213623046877,50.4262580871582
Bulgaria,2015,5312.423828125,1.456,6.705262661,114498611934.0,7177515.0,17.963457107543945,50.46191787719727
Bulgaria,2016,5353.958984375,1.902,6.361860275,117979077002.0,7127436.0,15.809566497802734,48.75364685058594
Bulgaria,2017,5562.74609375,0.948,6.705517769,121237951710.0,7075642.0,13.67082977294922,51.65031051635742
Bulgaria,2018,5509.0966796875,2.176,6.192869186,124492855771.0,7024745.0,20.167707443237305,45.15158081054688
Burkina Faso,2001,34.97357940673828,0.5,0.086569771,15179805834.0,12294996.0,13.888888359069824,86.1111068725586
Burkina Faso,2002,37.063602447509766,1.014,0.084163167,15543232009.0,12680904.0,16.66666603088379,83.33333587646484
Burkina Faso,2003,39.74766159057617,0.986,0.090537913,16390237677.0,13082530.0,22.22222328186035,77.77777862548828
Burkina Faso,2004,42.22054672241211,0.87,0.082031779,16718435442.0,13500536.0,21.276596069335938,78.72340393066406
Burkina Faso,2005,46.65475463867188,1.441,0.079224087,17737650575.0,13932127.0,19.230770111083984,80.76923370361328
Burkina Faso,2006,48.00429916381836,1.146,0.084684663,18406718353.0,14373713.0,14.545454025268556,85.45454406738281
Burkina Faso,2007,49.27001953125,0.852,0.109099142,18724205542.0,14816313.0,18.03278541564941,81.96720886230469
Burkina Faso,2008,49.15420913696289,0.279,0.119137809,19365623019.0,15258103.0,21.311473846435547,78.68852233886719
Burkina Faso,2009,53.46889877319336,0.917,0.116887152,19506442026.0,15710067.0,18.571428298950195,81.42857360839844
Burkina Faso,2010,66.76350402832031,1.233,0.122713543,20688336651.0,16176503.0,22.413793563842773,77.5862045288086
Burkina Faso,2011,63.01799392700195,0.971,0.128992021,21589787625.0,16661907.0,16.66666603088379,83.33332824707031
Burkina Faso,2012,68.13304138183594,0.46,0.15208146,22982976785.0,17172284.0,17.1875,82.8125
Burkina Faso,2013,72.33513641357422,0.816,0.158734933,24314382909.0,17695411.0,16.0,84.0
Burkina Faso,2014,75.1530532836914,0.869,0.157301366,25366464630.0,18229466.0,11.36363697052002,88.63636016845703
Burkina Faso,2015,77.22013092041016,1.095,0.199375555,26361085012.0,18777488.0,9.90099048614502,90.09901428222656
Burkina Faso,2016,83.78651428222656,1.037,0.206240863,27931683815.0,19334854.0,16.1616153717041,83.83837890625
Burkina Faso,2017,88.9697036743164,1.186,0.232307985,29664279937.0,19894413.0,14.285714149475098,85.71428680419922
Burkina Faso,2018,132.59426879882812,1.127,0.255708575,31623015393.0,20438289.0,14.43850326538086,85.5615005493164
Cambodia,2001,41.07916259765625,0.54,0.176564559,21587210573.0,12658486.0,5.769230842590332,94.23077392578124
Cambodia,2002,45.11775588989258,0.772,0.167591617,22474402661.0,12855249.0,7.017543792724609,92.98245239257812
Cambodia,2003,49.8046989440918,0.611,0.172658339,23833222981.0,13050977.0,6.25,93.75000762939452
Cambodia,2004,57.38128280639648,0.492,0.169025928,25705927295.0,13244737.0,4.054053783416748,95.94593811035156
Cambodia,2005,67.71234893798828,0.675,0.164399028,28474467511.0,13439203.0,4.545454502105713,95.4545440673828
Cambodia,2006,82.85045623779297,0.635,0.208733872,30776292972.0,13639032.0,4.629629611968994,95.370361328125
Cambodia,2007,104.03292083740234,0.491,0.252096474,33022342696.0,13841773.0,3.731343269348145,96.2686538696289
Cambodia,2008,125.23589324951172,0.313,0.28009662,34271375874.0,14053479.0,3.378378391265869,96.62162017822266
Cambodia,2009,137.9859161376953,0.403,0.320756316,34042366543.0,14276819.0,4.838709354400635,95.16128540039062
Cambodia,2010,173.7843475341797,1.136,0.349457443,34365990229.0,14500730.0,4.123711109161377,95.87628936767578
Cambodia,2011,193.58010864257807,0.385,0.358023614,35746712625.0,14722587.0,5.882352828979492,94.11764526367188
Cambodia,2012,236.8670959472656,0.81,0.372855037,38360866456.0,14945090.0,37.06293487548828,62.93706512451172
Cambodia,2013,267.6297912597656,0.908,0.370841146,41183075555.0,15170210.0,57.86516952514648,42.13483047485352
Cambodia,2014,315.6506042480469,0.59,0.435308427,44124784572.0,15396771.0,61.11111068725586,38.888893127441406
Cambodia,2015,386.6032104492188,1.059,0.523967326,47229402407.0,15623253.0,48.99777603149414,51.002227783203125
Cambodia,2016,445.3471374511719,1.462,0.67139864,50470756754.0,15852802.0,47.62773513793945,52.37226104736328
Cambodia,2017,502.0725402832031,1.059,0.751998067,54002196805.0,16073374.0,41.77978897094727,58.22020721435547
Cambodia,2018,599.095947265625,0.756,0.85640049,58035619609.0,16274522.0,58.9242057800293,41.07579040527344
Cameroon,2001,229.2695770263672,0.223,0.363331795,33173869115.0,15309489.0,98.00569915771484,1.994302034378052
Cameroon,2002,207.9420623779297,0.68,0.340251833,35058274715.0,15725534.0,96.3302764892578,3.669724702835083
Cameroon,2003,225.8615875244141,0.895,0.353001356,37066671075.0,16160340.0,95.61643981933594,4.383561611175537
Cameroon,2004,245.0259704589844,0.761,0.343063742,39050234319.0,16610485.0,95.33169555664062,4.668304443359375
Cameroon,2005,231.9234619140625,0.877,0.317656547,40566543367.0,17074599.0,94.1919174194336,5.808080673217773
Cameroon,2006,288.3124694824219,0.923,0.312580794,42544656064.0,17550403.0,88.73517608642578,11.264822006225586
Cameroon,2007,288.6443176269531,0.597,0.41049391,44640871980.0,18049897.0,74.66410827636719,25.335893630981445
Cameroon,2008,303.6494140625,0.518,0.394131511,46686367319.0,18574052.0,75.70922088623047,24.290781021118164
Cameroon,2009,300.30377197265625,0.93,0.447576284,48395507236.0,19113978.0,70.5574951171875,29.4425106048584
Cameroon,2010,297.9449462890625,1.081,0.426240355,50826589427.0,19668063.0,73.03754425048828,26.96245765686035
Cameroon,2011,290.6242370605469,0.511,0.400610566,53836234148.0,20232312.0,74.99999237060547,25.0
Cameroon,2012,314.7596435546875,0.32,0.365555495,56263171005.0,20809530.0,78.63719940185547,21.3627986907959
Cameroon,2013,330.8043518066406,0.617,0.366930276,59069016946.0,21402379.0,69.40062713623047,30.599369049072266
Cameroon,2014,344.5166015625,0.759,0.397788584,62482615428.0,22059894.0,64.00580596923828,35.99419403076172
Cameroon,2015,350.5624694824219,1.02,0.432709664,65981645134.0,22763418.0,54.89949417114258,45.10050201416016
Cameroon,2016,305.2762756347656,1.107,0.424867988,68936963106.0,23454165.0,61.60337448120117,38.39662551879883
Cameroon,2017,336.1155090332031,1.057,0.397110671,71378025048.0,24128609.0,63.354034423828125,36.64596176147461
Cameroon,2018,346.28192138671875,1.006,0.396827906,74248839020.0,24806377.0,58.89929962158203,41.100704193115234
Canada,2001,18115.833984375,1.433,17.90825081,1161459919261.0,31213578.0,58.1087532043457,28.933576583862305
Canada,2002,18343.724609375,0.539,17.89268494,1199865635264.0,31535579.0,59.97932815551758,27.51629638671875
Canada,2003,18297.5625,1.244,18.25548363,1224575760991.0,31836483.0,58.862422943115234,28.495418548583984
Canada,2004,18298.193359375,0.487,17.93458939,1265917327101.0,32132680.0,58.33750915527344,26.664995193481445
Canada,2005,18392.3203125,1.28,17.58301735,1310077836124.0,32440172.0,60.06607437133789,25.203866958618164
Canada,2006,17989.46484375,2.355,17.28723145,1348293394113.0,32759174.0,59.87870788574219,24.132604598999023
Canada,2007,18229.083984375,1.331,17.82766724,1379925831954.0,33092171.0,59.86376190185547,25.498668670654297
Canada,2008,18025.90234375,0.863,17.16681671,1397938727409.0,33449088.0,61.29646682739258,23.690385818481445
Canada,2009,17153.77734375,0.547,15.99727821,1360538049277.0,33826370.0,62.61586380004883,22.811017990112305
Canada,2010,17019.37890625,2.93,16.20928955,1406355361431.0,34196900.0,61.0628776550293,24.105892181396484
Canada,2011,17409.412109375,1.458,16.28780556,1454221365109.0,34555449.0,62.15081405639648,23.28794860839844
Canada,2012,16888.53125,2.149,16.0861721,1479829523672.0,34922513.0,63.3691520690918,21.83209228515625
Canada,2013,17108.287109375,1.201,16.11035919,1514296485427.0,35293421.0,63.36531066894531,20.96875190734864
Canada,2014,17044.26953125,0.284,15.85379219,1557757464897.0,35634265.0,62.36734008789063,21.31644821166992
Canada,2015,16727.26953125,1.258,15.65538216,1568025782105.0,35962236.0,63.84098815917969,20.865856170654297
Canada,2016,16596.271484375,2.41,15.23125362,1583727974022.0,36353345.0,64.56462860107422,20.33786392211914
Canada,2017,16493.74609375,1.523,15.39482212,1631871440185.0,36808498.0,65.81907653808594,19.151416778564453
Canada,2018,16436.521484375,0.499,15.42005157,1677189073139.0,37294996.0,65.54597473144531,19.32546806335449
Central African Republic,2001,28.064817428588867,0.253,0.036457729,3861482755.0,3919498.0,72.7272720336914,27.27272605895996
Central African Republic,2002,27.458271026611328,0.597,0.029267522,3833969443.0,4006079.0,72.7272720336914,27.27272605895996
Central African Republic,2003,26.80904960632324,0.696,0.027682537,3563805910.0,4103092.0,72.7272720336914,27.27272605895996
Central African Republic,2004,35.7753791809082,0.767,0.029711688,3659297627.0,4192828.0,79.99999237060547,19.999998092651367
Central African Republic,2005,37.30635070800781,0.807,0.029901043,3745738822.0,4288814.0,81.25,18.75
Central African Republic,2006,38.83422470092773,0.816,0.031805687,3921727514.0,4377582.0,82.35294342041016,17.647058486938477
Central African Republic,2007,35.85211563110352,0.342,0.034482565,4078141542.0,4462777.0,87.5,12.5
Central African Republic,2008,35.09550094604492,0.387,0.032951165,4185491968.0,4558989.0,87.5,12.5
Central African Republic,2009,35.32748794555664,0.82,0.033977978,4261637773.0,4529051.0,87.5,12.5
Central African Republic,2010,35.61092758178711,0.882,0.037512548,4410453712.0,4493003.0,81.25,18.75
Central African Republic,2011,39.43025207519531,0.437,0.033710234,4499550000.0,4565023.0,83.33333587646484,16.66666603088379
Central African Republic,2012,39.03837203979492,0.092,0.039732389,4632212000.0,4610848.0,83.33333587646484,16.66666603088379
Central African Republic,2013,30.15666580200196,0.592,0.022098806,2929689000.0,4642423.0,100.0,0.0
Central African Republic,2014,36.77117156982422,0.462,0.028530968,2960958000.0,4623187.0,100.0,0.0
Central African Republic,2015,36.72243881225586,0.715,0.041948259,3105792000.0,4629322.0,100.0,0.0
Central African Republic,2016,36.06536865234375,0.926,0.05052546,3265229504.0,4713663.0,100.0,0.0
Central African Republic,2017,31.29229736328125,0.934,0.059620589,3421678627.0,4793512.0,100.0,0.0
Central African Republic,2018,30.746129989624023,0.925,0.055575881,3557270233.0,4878663.0,100.0,0.0
Chad,2001,11.358316421508787,0.251,0.057426963,6336850686.0,8804122.0,0.0,100.0
Chad,2002,10.969489097595217,0.733,0.058271352,6982839457.0,9116195.0,0.0,100.0
Chad,2003,11.593799591064451,0.786,0.09300483,8110109949.0,9487830.0,0.0,100.0
Chad,2004,12.09673023223877,0.791,0.091349974,11032101494.0,9920036.0,0.0,100.0
Chad,2005,11.618794441223145,1.12,0.089984268,12146441188.0,10328094.0,0.0,100.0
Chad,2006,11.208221435546877,1.347,0.089412376,12214525260.0,10706426.0,0.0,100.0
Chad,2007,10.828695297241213,0.555,0.098266356,14704387197.0,11081667.0,0.0,100.0
Chad,2008,12.199054718017578,0.409,0.076023027,15257312990.0,11476299.0,0.0,100.0
Chad,2009,14.293217658996582,1.214,0.102550477,17078193621.0,11893753.0,0.0,100.0
Chad,2010,15.431371688842772,1.298,0.100385621,19869964230.0,12312580.0,0.0,100.0
Chad,2011,15.680120468139648,0.936,0.100087225,19903398034.0,12755004.0,0.0,100.0
Chad,2012,18.16666984558105,0.511,0.132208779,21656293766.0,13211006.0,4.166666507720947,95.83333587646484
Chad,2013,20.451271057128903,0.976,0.152081564,22902174388.0,13691081.0,3.5714285373687744,96.42857360839844
Chad,2014,21.143617630004883,0.812,0.153839543,24480827952.0,14188680.0,3.3333330154418945,96.66665649414062
Chad,2015,20.481136322021484,0.978,0.160563499,24914134960.0,14647626.0,3.3333330154418945,96.66665649414062
Chad,2016,20.509899139404297,0.764,0.157567829,23529405356.0,15114652.0,6.45161247253418,93.5483856201172
Chad,2017,20.482940673828125,0.895,0.149830282,22969403286.0,15622756.0,6.25,93.75000762939452
Chad,2018,21.04411697387696,1.19,0.147526056,23510339039.0,16156535.0,5.882352828979492,94.11764526367188
Chile,2001,2786.94287109375,-0.114,3.37406826,239642803054.0,15683852.0,54.040645599365234,45.95935821533203
Chile,2002,2853.462646484375,-0.041,3.457930803,243288829547.0,15857926.0,55.22560119628906,44.77440643310547
Chile,2003,3031.559814453125,0.163,3.438443422,250723122339.0,16024755.0,49.92494201660156,50.07505798339844
Chile,2004,3267.9892578125,0.399,3.658485413,264146071325.0,16187324.0,46.66666412353516,53.33333587646485
Chile,2005,3325.63037109375,0.068,3.738288403,278000705012.0,16348780.0,53.65760040283203,46.34239959716797
Chile,2006,3472.6103515625,0.366,3.879551888,293258343549.0,16509195.0,55.01453399658203,44.98546600341797
Chile,2007,3593.54248046875,-0.437,4.226911068,305709457316.0,16671571.0,43.94303512573242,56.05696487426758
Chile,2008,3599.38525390625,0.267,4.189622879,314032357531.0,16838987.0,45.526405334472656,54.473594665527344
Chile,2009,3628.511474609375,0.28,3.877766609,306660166266.0,17009730.0,48.68312072753906,51.31687927246094
Chile,2010,3562.560302734375,-0.253,4.152584553,321457401232.0,17181463.0,40.19916915893555,59.80082702636719
Chile,2011,3825.537353515625,-0.044,4.499325275,338708860136.0,17351810.0,39.52779769897461,60.47220230102539
Chile,2012,3971.0908203125,0.452,4.544800758,359556383692.0,17519116.0,36.280006408691406,63.71999740600586
Chile,2013,4118.27734375,0.212,4.621091366,371454072393.0,17687006.0,35.69467544555664,64.30532836914062
Chile,2014,3927.96923828125,0.276,4.343113422,378114271615.0,17864192.0,42.83882141113281,57.16118240356445
Chile,2015,4150.68359375,0.575,4.531257629,386251266445.0,18047630.0,43.19850540161133,56.801490783691406
Chile,2016,4315.37890625,0.713,4.612112522,393022253885.0,18267225.0,42.88976287841797,57.11023712158203
Chile,2017,4250.7978515625,0.566,4.533391953,398359518680.0,18558868.0,43.5449104309082,56.4550895690918
Chile,2018,4327.486328125,0.246,4.469476223,414254051745.0,18893185.0,45.86594772338867,54.13404846191406
China,2001,1151.295166015625,1.054,2.91236496,6329737256820.0,1278725061.0,18.9581241607666,79.86209869384766
China,2002,1278.7725830078125,1.148,3.18461895,6814493895929.0,1286866835.0,17.61839485168457,80.86226654052734
China,2003,1470.2159423828125,0.844,3.735177279,7248623080792.0,1294517323.0,15.036272048950195,82.69530487060547
China,2004,1687.4505615234375,1.133,4.001966,7830953177799.0,1302100316.0,16.222410202026367,81.48694610595703
China,2005,1903.8385009765625,1.068,4.489976406,8602939667333.0,1310027135.0,16.173118591308594,81.70350646972656
China,2006,2168.985595703125,1.25,4.921030998,9489543138489.0,1318054030.0,15.588403701782228,82.49794006347656
China,2007,2467.337890625,1.553,5.26066637,10358206113742.0,1325813576.0,15.258384704589844,82.84829711914062
China,2008,2611.264892578125,1.105,5.617248535,10799148337884.0,1333821011.0,19.025333404541016,79.01829528808594
China,2009,2758.433837890625,1.347,5.870657444,11572544299171.0,1342522717.0,17.885717391967773,80.22850036621094
China,2010,3102.818359375,0.976,6.370444775,12858808500983.0,1351561505.0,18.691469192504883,79.53203582763672
China,2011,3455.451171875,0.807,6.998823166,13691526496125.0,1360250658.0,16.81257438659668,81.33722686767578
China,2012,3633.9423828125,0.642,7.131917953,14773157494771.0,1369520866.0,20.04114151000977,77.98754119873047
China,2013,3930.6513671875,1.086,7.20979929,15925464549520.0,1379008040.0,20.129684448242188,77.81752014160156
China,2014,4166.599609375,1.069,7.187588215,17103948867278.0,1387951970.0,22.24939346313477,75.45150756835938
China,2015,4155.861328125,1.3,7.060954571,18301224436466.0,1396134171.0,23.96836853027344,73.08421325683594
China,2016,4359.12451171875,1.334,6.942884445,19545709173693.0,1404052628.0,24.828800201416016,71.6953353881836
China,2017,4666.95068359375,1.591,7.080383778,20894362082435.0,1412354730.0,25.241504669189453,71.0019302368164
China,2018,5039.3759765625,1.388,7.29156065,22294284747546.0,1419008954.0,25.611974716186523,70.27143859863281
Colombia,2001,1082.1153564453125,0.497,1.421963692,336096684249.0,39709263.0,74.15391540527344,25.84608268737793
Colombia,2002,1093.6229248046875,0.75,1.374262691,344517683680.0,40324684.0,76.33639526367188,23.663610458374023
Colombia,2003,1101.4371337890625,0.801,1.393186927,357889195415.0,40937426.0,78.61471557617188,21.38528060913086
Colombia,2004,1148.2030029296875,0.675,1.307652473,376728225954.0,41543177.0,81.51226043701172,18.487733840942383
Colombia,2005,1144.1055908203125,0.839,1.430285692,394076061209.0,42128978.0,80.01602172851562,19.983980178833008
Colombia,2006,1207.51220703125,0.684,1.463202834,420283862175.0,42691081.0,80.44619750976562,19.55380630493164
Colombia,2007,1247.82080078125,0.757,1.403247595,448731322364.0,43235374.0,81.38346099853516,18.61653518676757
Colombia,2008,1235.8656005859375,0.502,1.530713797,464038717488.0,43758805.0,83.8860855102539,16.113914489746094
Colombia,2009,1257.9185791015625,0.991,1.621153474,471326580093.0,44271543.0,72.68722534179688,27.312774658203125
Colombia,2010,1327.45751953125,1.146,1.684584022,489870174161.0,44777325.0,70.5130386352539,29.486967086791992
Colombia,2011,1329.4412841796875,0.6,1.66133523,521323240921.0,45259614.0,81.75040435791016,18.249595642089844
Colombia,2012,1363.86083984375,0.793,1.720954537,541722649583.0,45715807.0,77.8940658569336,22.10593032836914
Colombia,2013,1563.54345703125,0.97,1.873068929,569534665242.0,46151583.0,69.21507263183594,30.78492546081543
Colombia,2014,1495.959716796875,0.973,1.976610065,595158021031.0,46565426.0,69.0888442993164,30.9111557006836
Colombia,2015,1651.2689208984375,1.434,1.937975526,612750891790.0,46969938.0,63.34487533569336,36.65512466430664
Colombia,2016,1612.6478271484375,1.345,1.930600524,625545111723.0,47437513.0,65.61638641357422,34.38361740112305
Colombia,2017,1631.7939453125,1.061,1.733990192,634046295892.0,48131076.0,79.10028839111328,20.89970588684082
Colombia,2018,1597.5697021484375,1.288,1.852354527,650303209362.0,49024463.0,76.33295440673828,23.667051315307617
Comoros,2001,54.82245635986328,0.46,0.194173828,680582090.0,547221.0,0.0,100.0
Comoros,2002,53.67427062988281,0.916,0.190107122,705937319.0,558927.0,0.0,100.0
Comoros,2003,70.19908142089844,0.593,0.237918735,731630321.0,569808.0,0.0,100.0
Comoros,2004,68.8810806274414,0.516,0.258689791,755848590.0,580711.0,0.0,100.0
Comoros,2005,84.36270141601562,0.612,0.241101846,788522780.0,592679.0,0.0,100.0
Comoros,2006,82.67852020263672,0.418,0.278699368,888321718.0,604752.0,0.0,100.0
Comoros,2007,81.04581451416016,0.751,0.172232077,908328164.0,616935.0,0.0,100.0
Comoros,2008,63.56127166748047,0.383,0.17466639,956653402.0,629314.0,0.0,100.0
Comoros,2009,77.88780975341797,0.641,0.211181879,1004144820.0,641949.0,0.0,100.0
Comoros,2010,91.62459564208984,0.883,0.246189177,1011389038.0,654846.0,0.0,100.0
Comoros,2011,89.81175231933594,0.519,0.213895679,1067838000.0,668064.0,0.0,100.0
Comoros,2012,88.02339172363281,0.482,0.225762397,1112133000.0,681637.0,0.0,100.0
Comoros,2013,86.18175506591797,0.721,0.263141632,1217488000.0,696203.0,0.0,100.0
Comoros,2014,70.27288818359375,0.841,0.231731862,1263249000.0,711512.0,0.0,100.0
Comoros,2015,68.80560302734375,1.058,0.247061655,1324576000.0,726685.0,0.0,100.0
Comoros,2016,80.89032745361328,1.033,0.276623368,1356063486.0,741745.0,0.0,100.0
Comoros,2017,118.94189453125,1.283,0.348642468,1426021134.0,756672.0,0.0,100.0
Comoros,2018,129.60133361816406,1.037,0.370390236,1479483924.0,771597.0,0.0,100.0
Costa Rica,2001,1658.7880859375,0.695,1.40632844,37338984417.0,4008951.0,98.55072784423828,1.4492753744125366
Costa Rica,2002,1717.4921875,0.931,1.524723053,38566391693.0,4075710.0,98.38275146484376,1.6172505617141724
Costa Rica,2003,1744.470703125,0.906,1.582834244,40104618605.0,4138791.0,97.80821228027344,2.191780805587769
Costa Rica,2004,1842.8223876953125,0.852,1.618260741,41810218746.0,4200079.0,99.122802734375,0.8771929740905762
Costa Rica,2005,1924.322509765625,0.748,1.562827706,43414436973.0,4261240.0,96.70330047607422,3.296703577041626
Costa Rica,2006,2015.5799560546875,0.638,1.614332795,46549505108.0,4321337.0,93.85150909423828,6.148491859436035
Costa Rica,2007,2086.638916015625,0.802,1.805074096,50253055044.0,4380250.0,91.98219299316406,8.017818450927734
Costa Rica,2008,2101.323974609375,0.359,1.786941051,52514579539.0,4440058.0,92.76596069335938,7.234043121337891
Costa Rica,2009,2057.874755859375,1.092,1.709663153,51990443852.0,4499788.0,95.12987518310548,4.870130062103272
Costa Rica,2010,2093.958251953125,0.975,1.637678981,54669051273.0,4555965.0,93.2702407836914,6.729757785797119
Costa Rica,2011,2106.366455078125,0.514,1.578447938,56719502938.0,4609834.0,91.1794891357422,8.820512771606445
Costa Rica,2012,2171.988037109375,0.503,1.547361612,59489116143.0,4663930.0,91.7903060913086,8.209693908691406
Costa Rica,2013,2171.26123046875,0.806,1.60799408,60973369897.0,4716153.0,88.22374725341797,11.776251792907717
Costa Rica,2014,2175.31494140625,0.766,1.615621924,63133053443.0,4767126.0,89.77384185791016,10.226155281066896
Costa Rica,2015,2212.515625,1.074,1.526101351,65438671759.0,4818045.0,98.9786376953125,1.0213555097579956
Costa Rica,2016,2268.33642578125,1.044,1.608575583,68189707920.0,4867003.0,98.2504653930664,1.7495396137237549
Costa Rica,2017,2255.159912109375,0.773,1.625584006,71025038908.0,4913177.0,99.64539337158205,0.3546099364757538
Costa Rica,2018,2259.060546875,1.193,1.606957912,72883048113.0,4957813.0,98.60140228271484,1.3986014127731323
Cote d'Ivoire,2001,204.6326141357422,0.533,0.421001077,42194161007.0,18178920.0,36.47540664672852,63.52458572387695
Cote d'Ivoire,2002,199.41278076171875,0.847,0.399370462,42379148241.0,18654772.0,32.32514190673828,67.67485809326172
Cote d'Ivoire,2003,196.0728302001953,1.161,0.277143717,42761562091.0,19125546.0,35.629920959472656,64.37007904052734
Cote d'Ivoire,2004,208.7267608642578,0.838,0.37694627,44320594821.0,19594997.0,33.45454788208008,66.54545593261719
Cote d'Ivoire,2005,212.77159118652344,1.097,0.377109945,46182121378.0,20068468.0,26.98412704467773,73.015869140625
Cote d'Ivoire,2006,222.4189910888672,0.952,0.335197479,48079711067.0,20546808.0,28.36879539489746,71.63121032714844
Cote d'Ivoire,2007,230.6167907714844,1.018,0.316362023,50213105655.0,21030558.0,33.807830810546875,66.19216918945312
Cote d'Ivoire,2008,241.23326110839844,0.715,0.312004536,52842644609.0,21514446.0,34.54231643676758,65.45768737792969
Cote d'Ivoire,2009,244.11380004882807,0.909,0.257294267,55907844337.0,21997936.0,37.26495742797852,62.73504638671875
Cote d'Ivoire,2010,249.0209503173828,1.269,0.276802182,58369987439.0,22488068.0,28.06722640991211,71.93277740478516
Cote d'Ivoire,2011,238.882568359375,0.984,0.283838183,57051170312.0,22982003.0,29.93421173095703,70.0657958984375
Cote d'Ivoire,2012,273.1485595703125,0.657,0.36391443,63249209930.0,23467083.0,26.28571510314941,73.71428680419922
Cote d'Ivoire,2013,284.4638366699219,0.903,0.40433839,69113673482.0,23939775.0,21.7562255859375,78.2437744140625
Cote d'Ivoire,2014,301.2957763671875,0.8,0.403761834,75191536255.0,24527393.0,23.70012092590332,76.29987335205078
Cote d'Ivoire,2015,310.9360656738281,1.241,0.378460497,81840720288.0,25246347.0,16.551725387573242,83.44828033447266
Cote d'Ivoire,2016,347.0645446777344,1.451,0.460936785,87711151924.0,25989404.0,16.422286987304688,83.57772064208984
Cote d'Ivoire,2017,308.9770812988281,1.498,0.448948354,93099253173.0,26733376.0,21.245059967041016,78.75493621826172
Cote d'Ivoire,2018,327.33551025390625,1.273,0.379228562,96591406762.0,27464175.0,29.88047790527344,70.11952209472656
Croatia,2001,3550.27197265625,1.581,4.830400467,57633269426.0,4301079.0,56.313724517822266,43.68627548217773
Croatia,2002,3653.226318359375,1.242,5.089787483,61317061359.0,4305783.0,46.09929275512695,53.90071105957031
Croatia,2003,3824.288818359375,1.258,5.393057346,65731224853.0,4306683.0,41.48936080932617,58.51063919067383
Croatia,2004,3914.10791015625,0.646,5.302186966,69483828958.0,4310050.0,55.01081466674805,44.98918533325195
Croatia,2005,4047.33837890625,0.271,5.400056362,73522772944.0,4313946.0,54.09961700439453,45.9003791809082
Croatia,2006,4149.8662109375,0.694,5.444225311,78256427771.0,4315802.0,51.51045989990234,48.48954391479492
Croatia,2007,4272.51513671875,1.951,5.74652338,83591431787.0,4315959.0,37.79904174804688,62.200958251953125
Croatia,2008,4354.94580078125,1.428,5.45020771,86620961215.0,4314635.0,45.69640350341797,54.3036003112793
Croatia,2009,4257.01025390625,1.465,5.046312809,81451695571.0,4310537.0,56.02996063232422,43.97003555297852
Croatia,2010,4361.62451171875,0.833,4.877331257,81303793822.0,4301150.0,62.88032531738281,37.11967468261719
Croatia,2011,4293.5625,1.234,4.815578461,82302805353.0,4280827.0,47.01692199707031,52.98308181762695
Croatia,2012,4226.11279296875,1.822,4.472640991,80383800465.0,4259233.0,49.763484954833984,50.23651885986328
Croatia,2013,4198.09228515625,1.243,4.337481022,80064089923.0,4242403.0,66.5710220336914,33.42898178100586
Croatia,2014,4118.98583984375,2.0,4.182960033,79720242860.0,4219485.0,74.01339721679688,25.986597061157227
Croatia,2015,4309.5498046875,1.889,4.2531147,81731110395.0,4183732.0,66.90391540527344,33.09608459472656
Croatia,2016,4382.998046875,1.804,4.370736122,84640158587.0,4136438.0,66.34920501708984,33.65079116821289
Croatia,2017,4589.13720703125,1.507,4.587452412,87528490789.0,4079198.0,60.492774963378906,39.50722122192383
Croatia,2018,4698.29052734375,2.263,4.396296024,89979865983.0,4024868.0,72.33727264404297,27.662721633911133
Cuba,2001,1372.919677734375,0.427,2.214702129,47301967982.0,11144134.0,6.535947799682617,93.46405029296876
Cuba,2002,1403.7225341796875,0.796,2.252686977,48976944311.0,11177422.0,6.628425598144531,93.37157440185548
Cuba,2003,1410.426025390625,0.895,2.27973032,50659542457.0,11209379.0,5.376344203948975,94.6236572265625
Cuba,2004,1391.6131591796875,0.643,2.183498859,51357046933.0,11238756.0,5.626598358154297,94.37339782714844
Cuba,2005,1362.9237060546875,0.587,2.282447577,53114045326.0,11262553.0,3.192182302474976,96.8078155517578
Cuba,2006,1460.2940673828125,0.766,2.374545336,61018245782.0,11278550.0,3.035822868347168,96.96417999267578
Cuba,2007,1560.1641845703125,0.841,2.279046297,63463487934.0,11287274.0,3.009653329849243,96.99034118652344
Cuba,2008,1565.7430419921875,0.514,2.456498623,67603097135.0,11291764.0,3.959275960922241,96.04071807861328
Cuba,2009,1569.7601318359375,0.801,2.502120733,70355905283.0,11294719.0,3.891709089279175,96.1082992553711
Cuba,2010,1540.1754150390625,0.54,2.924739122,74083580619.0,11297414.0,3.275862216949463,96.72413635253906
Cuba,2011,1570.5771484375,0.452,2.572716951,78036992000.0,11301578.0,3.211267471313477,96.78873443603516
Cuba,2012,1630.5157470703125,0.522,2.607747793,80388156000.0,11303172.0,3.743895769119263,96.256103515625
Cuba,2013,1703.8167724609375,0.781,2.468895435,83013750000.0,11298163.0,4.883116722106934,95.11688232421876
Cuba,2014,1721.6356201171875,0.972,2.424860239,85723464000.0,11285780.0,4.374678611755371,95.62532043457033
Cuba,2015,1808.41455078125,1.223,2.58013773,88467246000.0,11275069.0,4.413928508758545,95.58607482910156
Cuba,2016,1824.1346435546875,1.263,2.465222359,88635596816.0,11265615.0,4.428224086761475,95.57177734375
Cuba,2017,1828.798095703125,1.371,2.183459759,90020495157.0,11247824.0,3.889159202575684,96.11084747314452
Cuba,2018,1852.6573486328125,1.034,2.050345898,91854653880.0,11227116.0,3.461538791656494,96.53846740722656
Cyprus,2001,3682.079833984375,1.222,7.239341259,19289559263.0,964129.0,0.0,100.0
Cyprus,2002,3861.660888671875,0.889,7.307543278,20131146271.0,981443.0,0.0,100.0
Cyprus,2003,4051.620849609375,0.659,7.563799381,20821863547.0,999600.0,0.0,100.0
Cyprus,2004,4126.2431640625,0.682,7.650352001,21975893073.0,1017875.0,0.0,100.0
Cyprus,2005,4227.16259765625,0.418,7.674202442,23006188640.0,1036156.0,0.0,100.0
Cyprus,2006,4409.99072265625,0.706,7.760759354,24267407225.0,1054424.0,0.0,100.0
Cyprus,2007,4539.83154296875,0.878,7.900488377,25673703212.0,1072727.0,0.0,100.0
Cyprus,2008,4646.9892578125,1.093,7.966457367,26913613219.0,1091029.0,0.1972386538982391,99.8027572631836
Cyprus,2009,4696.32958984375,1.041,7.606060028,26682210733.0,1109377.0,0.575815737247467,99.42417907714844
Cyprus,2010,4725.90625,2.048,7.156973839,27285556934.0,1127826.0,1.500938057899475,98.49906158447266
Cyprus,2011,4291.34765625,0.734,6.796694756,27627899267.0,1146493.0,3.455284595489502,96.54471588134766
Cyprus,2012,4050.100830078125,0.954,6.231036186,26675451028.0,1165403.0,5.508474826812744,94.49153137207033
Cyprus,2013,3623.619873046875,1.216,5.556361675,24918237857.0,1183899.0,7.692307949066162,92.30769348144533
Cyprus,2014,3611.23193359375,1.034,5.766146183,24475580582.0,1201806.0,7.142857074737549,92.85714721679688
Cyprus,2015,3722.824951171875,1.218,5.701069355,25312505108.0,1219504.0,8.810572624206543,91.18942260742188
Cyprus,2016,3952.748046875,1.689,5.941187382,26976335005.0,1237114.0,8.793456077575684,91.20655059814452
Cyprus,2017,3986.369873046875,0.945,5.95506382,28523085691.0,1254274.0,8.600000381469727,91.4000015258789
Cyprus,2018,3981.92236328125,2.12,5.763717175,30134014224.0,1270743.0,9.486166000366213,90.51383209228516
Czech Republic,2001,6321.380859375,1.216,12.42825699,181753179328.0,10231942.0,3.4626784324646,76.66397094726562
Czech Republic,2002,6309.89453125,1.519,12.10883713,187044887124.0,10239474.0,3.934210538864136,71.40789794921875
Czech Republic,2003,6496.302734375,1.068,12.44929504,196328003846.0,10248907.0,2.2587268352508545,66.49353790283203
Czech Republic,2004,6633.5634765625,0.808,12.50443363,208725903761.0,10261453.0,3.2700798511505127,65.30612182617188
Czech Republic,2005,6741.1435546875,0.737,12.22875118,225302570264.0,10280155.0,3.820334672927856,65.995361328125
Czech Republic,2006,6893.04345703125,0.941,12.27924061,243991794814.0,10304592.0,4.20750617980957,64.65454864501953
Czech Republic,2007,6928.1484375,2.159,12.41723347,260673045889.0,10337539.0,3.89654803276062,66.2868881225586
Czech Republic,2008,6919.24609375,1.639,11.84469032,271709547503.0,10378298.0,4.466858863830566,63.65273666381836
Czech Republic,2009,6525.294921875,1.419,11.03274632,261919697582.0,10420985.0,5.707986354827881,60.96276473999024
Czech Republic,2010,6715.38232421875,0.405,11.22550583,271231988282.0,10464035.0,6.934991359710693,60.2088737487793
Czech Republic,2011,6631.408203125,1.036,10.97404099,279082754736.0,10495508.0,8.356416702270508,59.00276947021485
Czech Republic,2012,6610.61767578125,1.574,10.59026814,276891945353.0,10507339.0,9.3208589553833,55.65950393676758
Czech Republic,2013,6566.3515625,0.778,10.152071,276764861619.0,10511164.0,10.825282096862791,53.38144302368164
Czech Republic,2014,6530.24072265625,2.498,9.910655022,283025537919.0,10517223.0,10.79077434539795,53.51847076416016
Czech Republic,2015,6649.29931640625,2.12,9.975820541,298276052489.0,10524418.0,11.407443046569824,56.05528259277344
Czech Republic,2016,6744.24267578125,2.079,10.12504482,305844147713.0,10531946.0,11.45121955871582,59.15853500366211
Czech Republic,2017,6898.5517578125,1.596,10.22028542,321652381589.0,10541343.0,11.229010581970217,55.72528076171875
Czech Republic,2018,6913.49462890625,2.655,10.07893848,332009886797.0,10548934.0,10.859051704406738,54.68678283691406
Democratic Republic of Congo,2001,90.73009490966795,0.325,0.031601254,21977293171.0,52132646.0,99.8310775756836,0.1689189076423645
Democratic Republic of Congo,2002,88.37122344970703,0.799,0.032261897,23244764997.0,53750529.0,99.8349838256836,0.1650165021419525
Democratic Republic of Congo,2003,86.36909484863281,0.865,0.037873823,25228484809.0,55343873.0,99.8363265991211,0.1636661142110824
Democratic Republic of Congo,2004,98.77584838867188,0.847,0.035578482,27653538438.0,56997740.0,99.85755157470705,0.142450138926506
Democratic Republic of Congo,2005,96.46839904785156,0.91,0.038917359,30164653557.0,58775726.0,99.86357879638672,0.136425644159317
Democratic Republic of Congo,2006,102.118408203125,0.779,0.038797192,32708306949.0,60615909.0,99.33332824707033,0.6666666865348816
Democratic Republic of Congo,2007,104.03703308105467,0.628,0.041982561,35814302298.0,62477753.0,98.85057067871094,1.149425387382507
Democratic Republic of Congo,2008,107.46900939941406,0.474,0.04170046,39245769597.0,64390658.0,98.6684341430664,1.3315578699111938
Democratic Republic of Congo,2009,105.85430908203124,0.778,0.036830176,41718890407.0,66412038.0,98.84762573242188,1.1523687839508057
Democratic Republic of Congo,2010,103.26263427734376,1.199,0.039896321,46223524668.0,68563038.0,98.85057067871094,1.149425387382507
Democratic Republic of Congo,2011,108.54022216796876,0.675,0.042922717,51169100367.0,70849311.0,98.84910583496094,1.150895118713379
Democratic Republic of Congo,2012,110.57323455810548,0.316,0.038186394,55604951736.0,73254623.0,99.86702728271484,0.1329787224531173
Democratic Republic of Congo,2013,115.3195571899414,0.793,0.051736642,60956372609.0,75789397.0,99.87744903564452,0.1225490197539329
Democratic Republic of Congo,2014,125.12237548828124,0.71,0.064614125,65407411596.0,78403248.0,99.88558197021484,0.114416480064392
Democratic Republic of Congo,2015,122.16862487792967,0.782,0.040406719,69567321729.0,81035532.0,99.88687896728516,0.1131221652030944
Democratic Republic of Congo,2016,115.89346313476562,1.276,0.031676006,69841412960.0,83956416.0,99.88912963867188,0.1108647361397743
Democratic Republic of Congo,2017,116.554931640625,1.044,0.033533901,72396212035.0,87083400.0,99.89383697509766,0.1061571091413497
Democratic Republic of Congo,2018,124.26753997802734,1.206,0.04191342,75889338637.0,90047647.0,99.9043960571289,0.0956022888422012
Denmark,2001,6898.90087890625,1.024,10.43078423,211243390442.0,5358825.0,15.58337688446045,84.41661834716797
Denmark,2002,6888.06298828125,1.635,10.33384037,213517288371.0,5375967.0,17.36573028564453,82.63427734375
Denmark,2003,6941.68603515625,0.689,11.25017834,215549132167.0,5390621.0,17.5549259185791,82.44507598876953
Denmark,2004,6914.48779296875,1.024,10.19503212,222528951750.0,5404594.0,23.68290138244629,76.31709289550781
Denmark,2005,6910.16796875,1.273,9.509078026,229074701412.0,5419550.0,27.16186141967773,72.838134765625
Denmark,2006,7082.39599609375,1.342,10.94272423,239411013967.0,5437425.0,20.22447204589844,79.77552795410156
Denmark,2007,6992.451171875,2.131,10.01708508,242913735233.0,5461604.0,26.3157901763916,73.68421173095703
Denmark,2008,6904.1943359375,1.852,9.329914093,243090598807.0,5493762.0,27.68640518188477,72.3135986328125
Denmark,2009,6623.009765625,1.319,8.844816208,232507363099.0,5523169.0,27.77931022644043,72.22068786621094
Denmark,2010,6779.1845703125,-0.198,8.866417885,238190225279.0,5547865.0,32.07741928100586,67.92257690429688
Denmark,2011,6539.3994140625,0.68,7.940777302,242757622888.0,5570848.0,40.35887145996094,59.64112854003906
Denmark,2012,6398.52783203125,1.137,7.128378868,243307499552.0,5591911.0,48.54432678222656,51.45567321777344
Denmark,2013,6355.8115234375,0.399,7.437316418,245578374484.0,5615333.0,46.11383819580078,53.88615798950195
Denmark,2014,6182.01025390625,2.678,6.657113552,249555233739.0,5643795.0,56.148563385009766,43.85143661499024
Denmark,2015,6103.42041015625,1.52,6.177416801,255401297489.0,5683698.0,65.77484130859375,34.22515869140625
Denmark,2016,6190.4306640625,1.852,6.444709778,263691544304.0,5728196.0,60.4934196472168,39.5065803527832
Denmark,2017,6150.7353515625,1.622,6.01277256,271132202845.0,5765164.0,70.55016326904297,29.449840545654297
Denmark,2018,6115.13232421875,2.107,5.97342205,276526484620.0,5793824.0,68.68586730957031,31.31413459777832
Dominica,2001,1171.3201904296875,0.683,1.609393954,411786964.0,68299.0,37.5,62.50000381469727
Dominica,2002,1023.6162719726562,0.749,1.500212073,415539000.0,68385.0,42.85714340209961,57.14285659790039
Dominica,2003,1166.997314453125,0.747,1.710351229,455180800.0,68552.0,37.5,62.50000381469727
Dominica,2004,1602.00390625,0.488,2.08109045,475394414.0,68664.0,27.27272605895996,72.7272720336914
Dominica,2005,1745.4544677734375,0.839,2.185076475,482222496.0,68750.0,25.0,75.00000762939453
Dominica,2006,1743.6031494140625,0.677,2.07628274,513632250.0,68823.0,25.0,75.00000762939453
Dominica,2007,1742.6156005859375,0.769,2.500769615,554311687.0,68862.0,16.66666603088379,83.33333587646484
Dominica,2008,1887.723876953125,0.292,2.447419643,617146562.0,68866.0,15.384615898132324,84.61538696289062
Dominica,2009,1887.36767578125,0.494,2.712931395,621365663.0,68879.0,15.384615898132324,84.61538696289062
Dominica,2010,2032.7564697265625,1.127,2.447206497,640098860.0,68872.0,14.285714149475098,85.71428680419922
Dominica,2011,2171.61572265625,0.479,2.17485857,652912000.0,69073.0,26.66666412353516,73.33332824707031
Dominica,2012,2169.573974609375,0.63,2.384795666,644079000.0,69138.0,19.999998092651367,79.99999237060547
Dominica,2013,2151.06201171875,0.66,2.25936079,667585000.0,69733.0,26.66666412353516,73.33332824707031
Dominica,2014,2131.075439453125,0.641,2.394533157,694011000.0,70387.0,19.999998092651367,79.99999237060547
Dominica,2015,2129.8046875,0.863,2.497153044,689606000.0,70429.0,13.333332061767578,86.66665649414062
Dominica,2016,2297.958984375,1.001,2.473293304,707976572.0,69627.0,25.0,75.0
Dominica,2017,1897.42236328125,0.777,2.246081114,656048862.0,68514.0,23.076923370361328,76.92308044433594
Dominica,2018,1613.021484375,0.633,2.417772532,677586340.0,68195.0,18.18181800842285,81.81818389892578
Dominican Republic,2001,1472.4285888671875,0.738,2.188307047,58288496906.0,8720287.0,6.697819232940674,93.30217742919922
Dominican Republic,2002,1570.2255859375,0.809,2.357615471,62671030582.0,8852231.0,7.482014179229736,92.51798248291016
Dominican Republic,2003,1578.95458984375,0.945,2.367369413,63562914579.0,8980626.0,9.590972900390623,90.40901947021484
Dominican Republic,2004,1320.169921875,0.543,1.894983053,65495459116.0,9104889.0,14.475872993469238,85.52412414550781
Dominican Republic,2005,1446.06494140625,0.864,1.935153008,72784646192.0,9225035.0,15.442277908325195,84.5577163696289
Dominican Republic,2006,1510.5146484375,0.793,2.037217379,81940402491.0,9341187.0,13.5364990234375,86.4635009765625
Dominican Republic,2007,1540.87548828125,1.069,2.105528831,90412078042.0,9455663.0,12.765957832336426,87.23404693603516
Dominican Republic,2008,1526.145751953125,0.455,2.113695145,94906712345.0,9573135.0,10.540725708007812,89.45927429199219
Dominican Republic,2009,1418.21728515625,0.519,2.030523539,97411530204.0,9695270.0,11.781818389892578,88.21818542480469
Dominican Republic,2010,1505.0640869140625,1.019,2.08196187,107260793439.0,9820180.0,10.75778102874756,89.24221801757812
Dominican Republic,2011,1584.61669921875,0.356,2.103672028,112433265383.0,9945623.0,10.786802291870115,89.21319580078125
Dominican Republic,2012,1678.18408203125,0.574,2.075673103,115488083453.0,10070409.0,12.13017749786377,87.86982727050781
Dominican Republic,2013,1738.304931640625,0.819,2.044529676,121118130894.0,10193838.0,13.036117553710938,86.96388244628906
Dominican Republic,2014,1675.1453857421875,0.761,2.061379671,129656952614.0,10315523.0,10.127314567565918,89.8726806640625
Dominican Republic,2015,1724.9927978515625,1.08,2.202828169,138638287562.0,10434826.0,7.888888835906982,92.11111450195312
Dominican Republic,2016,1779.8536376953125,0.932,2.287876129,147870212847.0,10551430.0,11.075611114501951,88.92438507080078
Dominican Republic,2017,1799.9698486328125,0.862,2.198887587,154771313809.0,10666846.0,15.833332061767578,84.16666412353516
Dominican Republic,2018,1817.8365478515625,0.874,2.337507963,165578989651.0,10782048.0,13.77550983428955,86.2244873046875
Ecuador,2001,852.0040893554688,0.32,1.815232992,90060703680.0,12910736.0,63.75228118896485,36.24772644042969
Ecuador,2002,903.4535522460938,0.619,1.892256379,94404507340.0,13138473.0,63.082130432128906,36.91786575317383
Ecuador,2003,937.0112915039062,0.621,2.027519464,97642542688.0,13372304.0,61.93379974365234,38.06620407104492
Ecuador,2004,1058.8814697265625,0.608,2.153789282,106393261231.0,13608700.0,57.34375,42.65625
Ecuador,2005,1036.3883056640625,0.601,2.213733435,112798230080.0,13846162.0,54.03480911254883,45.96518707275391
Ecuador,2006,1111.0213623046875,0.589,2.114208698,118581678982.0,14086138.0,50.28409194946289,49.71590805053711
Ecuador,2007,1261.0980224609375,0.559,2.40024972,122016284055.0,14328783.0,52.0,48.0
Ecuador,2008,1300.1536865234375,0.532,2.091753006,130654762337.0,14575201.0,60.57328414916992,39.42671585083008
Ecuador,2009,1299.07275390625,1.058,2.280776262,132310294703.0,14825960.0,50.38545989990234,49.614540100097656
Ecuador,2010,1345.122314453125,0.946,2.418930054,137913290159.0,15076697.0,44.1297607421875,55.8702392578125
Ecuador,2011,1416.5255126953125,0.846,2.510751963,149795272280.0,15326232.0,53.98923110961914,46.0107650756836
Ecuador,2012,1474.4227294921875,0.696,2.407673597,158246726051.0,15572195.0,53.40959167480469,46.59041213989258
Ecuador,2013,1505.0169677734375,0.591,2.510570526,166075183974.0,15807132.0,47.62521362304688,52.374786376953125
Ecuador,2014,1557.829833984375,1.208,2.728997231,172367775440.0,16035127.0,47.540306091308594,52.45969009399414
Ecuador,2015,1616.8466796875,1.603,2.53886342,172538423301.0,16266229.0,51.10336685180664,48.89663314819336
Ecuador,2016,1626.159912109375,1.558,2.385590792,170423090933.0,16505142.0,59.97791290283203,40.022090911865234
Ecuador,2017,1649.21240234375,1.2,2.338723421,174458721084.0,16759515.0,73.51778411865234,26.482213973999023
Ecuador,2018,1705.61767578125,1.112,2.255262375,176707497535.0,17049542.0,71.91242218017578,28.087581634521484
Egypt,2001,1078.3363037109375,0.687,1.692814469,475679003242.0,74652035.0,18.07706642150879,81.92293548583984
Egypt,2002,1120.8153076171875,0.816,1.683674455,501912285229.0,76239140.0,16.467586517333984,83.53240966796875
Egypt,2003,1172.329345703125,0.716,1.926103592,528750466385.0,77853548.0,14.350796699523926,85.64920043945312
Egypt,2004,1227.392333984375,0.637,1.911449194,561597926809.0,79477441.0,13.567429542541504,86.43257141113281
Egypt,2005,1284.3243408203125,0.511,2.058345556,600297394092.0,81101012.0,12.530969619750977,87.46903228759766
Egypt,2006,1345.942626953125,0.712,2.157054424,650403845291.0,82700404.0,11.99176025390625,88.00823211669922
Egypt,2007,1415.5831298828125,0.558,2.245012045,713462332878.0,84276224.0,12.414484024047852,87.58551788330078
Egypt,2008,1489.5511474609375,0.87,2.28102541,775303694329.0,85864791.0,12.44565200805664,87.5543441772461
Egypt,2009,1523.742919921875,0.853,2.345588923,831415021492.0,87501635.0,11.030014038085938,88.96998596191406
Egypt,2010,1603.0975341796875,2.273,2.27256918,898751418203.0,89196073.0,9.96330451965332,90.03669738769531
Egypt,2011,1624.492431640625,0.614,2.433500767,923052843843.0,91093066.0,9.842204093933104,90.15779876708984
Egypt,2012,1743.6480712890625,0.941,2.281260014,950287307199.0,93161000.0,9.13166332244873,90.86833953857422
Egypt,2013,1727.4085693359375,1.041,2.298105478,984556585202.0,95333551.0,8.995638847351074,91.00435638427734
Egypt,2014,1748.8193359375,1.247,2.330126524,1035721838706.0,97528655.0,8.619481086730957,91.3805160522461
Egypt,2015,1818.723388671875,1.198,2.275703192,1079611566322.0,99597334.0,8.584941864013672,91.41505432128906
Egypt,2016,1848.7950439453125,1.392,2.411968946,1121578599865.0,101644583.0,8.411711692810059,91.58828735351562
Egypt,2017,1859.9549560546875,0.61,2.443331957,1158060486104.0,103696055.0,8.022358894348145,91.9776382446289
Egypt,2018,1881.302734375,2.057,2.28897047,1220661740193.0,105682092.0,8.25517749786377,91.74481964111328
El Salvador,2001,738.933837890625,0.296,0.976758599,32499941192.0,5968058.0,53.902442932128906,46.09756088256836
El Salvador,2002,798.446044921875,0.531,1.008184552,33751219265.0,5986629.0,50.68181610107422,49.31818389892578
El Salvador,2003,831.8611450195312,0.758,1.066256881,35029541311.0,5998597.0,56.3169174194336,43.683082580566406
El Salvador,2004,867.6575927734375,0.573,1.035191059,36185189370.0,6004673.0,52.7950325012207,47.2049674987793
El Salvador,2005,895.8331298828125,0.494,1.042632818,38001442916.0,6005583.0,56.86274719238281,43.13725662231445
El Salvador,2006,949.6326293945312,0.495,1.114465714,40054319005.0,6002321.0,58.596492767333984,41.403507232666016
El Salvador,2007,991.7102661132812,0.507,1.134631038,42202462933.0,6009820.0,57.16695022583008,42.83305358886719
El Salvador,2008,1010.0671997070312,0.269,1.057286024,43393063628.0,6029302.0,63.2786865234375,36.7213134765625
El Salvador,2009,988.710205078125,0.83,1.03877759,42668179532.0,6048284.0,56.75213623046875,43.24786376953125
El Salvador,2010,1011.8233032226562,0.447,1.036022425,43862777197.0,6068253.0,65.45454406738281,34.54545211791992
El Salvador,2011,1031.177001953125,0.436,1.061831594,45520507146.0,6090128.0,63.5332260131836,36.466773986816406
El Salvador,2012,1045.146240234375,0.589,1.052739501,46608113564.0,6113977.0,60.63491821289063,39.36507797241211
El Salvador,2013,1060.4600830078125,0.581,0.986839533,48017379514.0,6138845.0,60.75949096679688,39.24050521850586
El Salvador,2014,1083.8961181640625,0.614,0.993062735,49026874064.0,6162952.0,60.158729553222656,39.84126663208008
El Salvador,2015,1127.161376953125,1.254,1.073330641,50319726389.0,6183675.0,58.319602966308594,41.68039321899414
El Salvador,2016,1153.0755615234375,1.212,1.059866905,51794877474.0,6200808.0,59.41558837890625,40.584415435791016
El Salvador,2017,1149.103759765625,0.675,0.956239283,53295513328.0,6213538.0,74.77477264404297,25.22522354125977
El Salvador,2018,1157.5928955078125,0.733,1.037357926,55053057931.0,6219803.0,77.94116973876953,22.05882453918457
Equatorial Guinea,2001,80.01749420166016,0.399,4.122257233,10710877546.0,749836.0,16.66666603088379,83.33333587646484
Equatorial Guinea,2002,87.72281646728516,0.649,3.465205431,12944267386.0,797968.0,14.285714149475098,85.71428680419922
Equatorial Guinea,2003,82.56011962890625,0.905,3.691347837,14778140796.0,847867.0,14.285714149475098,85.71428680419922
Equatorial Guinea,2004,100.0084457397461,0.762,6.819890499,18414357582.0,899924.0,11.11111068725586,88.88888549804688
Equatorial Guinea,2005,105.55538177490234,0.767,6.55079031,20168023886.0,947370.0,10.0,90.0
Equatorial Guinea,2006,111.07195281982422,0.61,6.232549191,21346957199.0,990349.0,9.090909004211426,90.90909576416016
Equatorial Guinea,2007,125.47620391845705,0.794,5.51264286,24766652343.0,1036053.0,7.692307949066162,92.30769348144533
Equatorial Guinea,2008,184.4103240966797,0.659,5.463653564,29298389312.0,1084538.0,25.0,75.0
Equatorial Guinea,2009,193.71603393554688,0.744,4.299807072,29853093503.0,1135683.0,22.72727394104004,77.2727279663086
Equatorial Guinea,2010,185.01434326171875,0.881,5.362539768,27366671882.0,1189097.0,13.63636302947998,86.36363220214844
Equatorial Guinea,2011,241.57644653320312,0.553,4.885416508,29285788000.0,1241843.0,9.999999046325684,90.0
Equatorial Guinea,2012,417.4768371582031,0.535,5.315122128,31730930000.0,1293485.0,14.814813613891602,85.1851806640625
Equatorial Guinea,2013,631.3975830078125,0.646,6.067651749,30419136000.0,1346220.0,29.41176414489746,70.5882339477539
Equatorial Guinea,2014,778.6665649414062,0.794,5.458744526,30256854000.0,1399829.0,34.86238479614258,65.13761138916016
Equatorial Guinea,2015,894.13134765625,0.752,4.82136631,28026102000.0,1453925.0,36.153846740722656,63.846153259277344
Equatorial Guinea,2016,928.2637329101562,1.377,4.99784708,25203837269.0,1508192.0,33.57143020629883,66.42857360839844
Equatorial Guinea,2017,857.6543579101562,1.198,4.362280369,23511758900.0,1562401.0,32.835819244384766,67.16417694091797
Equatorial Guinea,2018,835.1763916015625,0.587,4.351806164,21813514918.0,1616425.0,32.59259033203125,67.40740966796875
Estonia,2001,5669.31787109375,1.831,11.43223572,24618992841.0,1388174.0,0.2355712652206421,99.76443481445312
Estonia,2002,5683.47412109375,1.476,11.13353062,25689833693.0,1379438.0,0.3516998887062073,99.64830017089844
Estonia,2003,6025.46337890625,0.226,12.5839901,27160243367.0,1370849.0,0.4921259880065918,99.50787353515624
Estonia,2004,6252.3759765625,1.172,12.71176529,28392969678.0,1362682.0,0.5819592475891113,99.41803741455078
Estonia,2005,6340.19921875,1.603,12.61380768,30566893529.0,1354847.0,1.0784313678741455,98.92156982421876
Estonia,2006,6667.2353515625,1.265,12.20459175,33162229951.0,1346885.0,1.3360739946365356,98.66393280029295
Estonia,2007,7279.73046875,2.263,14.86563492,35115520992.0,1340709.0,1.1494252681732178,98.85057067871094
Estonia,2008,7209.75146484375,2.596,13.32368374,32659893005.0,1337078.0,1.890359163284301,98.1096420288086
Estonia,2009,6639.05126953125,1.611,10.79406834,27402480486.0,1334528.0,6.150341987609863,93.8496551513672
Estonia,2010,7300.31201171875,0.531,14.24367142,27586968284.0,1331450.0,8.09560489654541,91.9043960571289
Estonia,2011,7028.9580078125,1.29,14.27490711,29217295065.0,1327366.0,9.154382705688477,90.84561157226562
Estonia,2012,7349.07763671875,1.452,13.42901325,30160490093.0,1322615.0,12.290969848632812,87.70903015136719
Estonia,2013,7352.49462890625,1.162,14.8975811,30600421813.0,1317920.0,9.262048721313477,90.73795318603516
Estonia,2014,7379.47265625,2.419,14.29027462,31521829560.0,1314457.0,11.164658546447754,88.83534240722656
Estonia,2015,7021.25341796875,2.348,12.00355053,32106015454.0,1314580.0,15.369458198547363,84.63054656982422
Estonia,2016,7698.44580078125,1.916,13.2484026,33119083785.0,1315850.0,13.064913749694824,86.9350814819336
Estonia,2017,7916.92919921875,1.48,14.13057041,35037377711.0,1317430.0,14.13373851776123,85.86626434326172
Estonia,2018,7919.986328125,2.392,13.46525383,36363239216.0,1321972.0,16.087308883666992,83.9126968383789
Ethiopia,2001,29.357685089111328,0.611,0.061371751,52434129516.0,69487767.0,99.01960754394533,0.9803921580314636
Ethiopia,2002,28.75668334960937,0.933,0.06186438,54501781462.0,71635521.0,99.02912902832033,0.970873773097992
Ethiopia,2003,31.55784797668457,0.978,0.065963112,53892038989.0,73832664.0,99.14163208007812,0.8583691120147705
Ethiopia,2004,33.78146743774414,0.712,0.06780678,55845384136.0,76077211.0,99.22179412841795,0.7782101035118103
Ethiopia,2005,36.749942779541016,0.963,0.063242167,61634778962.0,78367476.0,99.65277099609376,0.3472222089767456
Ethiopia,2006,41.01433181762695,0.845,0.065897726,67217118145.0,80703495.0,99.39576721191406,0.6042296290397644
Ethiopia,2007,41.27397537231445,0.705,0.07026919,73421784125.0,83103218.0,98.83382415771484,1.1661807298660278
Ethiopia,2008,38.92748641967773,0.655,0.075021297,79756503135.0,85543670.0,99.69969940185548,0.3003003001213074
Ethiopia,2009,41.132789611816406,1.158,0.073328234,86391027022.0,88007641.0,98.34254455566406,1.6574585437774658
Ethiopia,2010,55.335567474365234,1.101,0.070071824,94148625646.0,90538518.0,99.00199127197266,0.9980039596557616
Ethiopia,2011,64.51960754394531,0.957,0.078957058,104948629242.0,93149977.0,99.21135711669922,0.7886435389518738
Ethiopia,2012,73.1742172241211,0.855,0.083387554,116345224724.0,95798771.0,99.73580169677734,0.2642007768154144
Ethiopia,2013,81.57356262207031,0.993,0.098982468,128310309167.0,98438752.0,99.88465881347656,0.1153402477502822
Ethiopia,2014,86.13902282714844,0.902,0.114158481,141950543442.0,101115615.0,100.0,0.0
Ethiopia,2015,93.29225158691406,1.221,0.120958507,157107146471.0,103867140.0,100.0,0.0
Ethiopia,2016,104.66822052001952,1.223,0.134215385,173708917362.0,106718163.0,100.0,0.0
Ethiopia,2017,106.59591674804688,1.073,0.133155137,190761659136.0,109666482.0,100.0,0.0
Ethiopia,2018,117.42864990234376,0.48,0.14305523,206205566995.0,112664157.0,100.0,0.0
Finland,2001,16270.333984375,1.373,12.05095673,173703951475.0,5187970.0,28.93217086791992,40.48354721069336
Finland,2002,16698.240234375,1.176,12.50810528,176751491921.0,5200548.0,26.468233108520508,43.76668548583984
Finland,2003,17097.77734375,0.713,13.93795967,180408462125.0,5212958.0,22.61509132385254,50.415287017822266
Finland,2004,17350.314453125,1.235,13.18746376,187633923914.0,5228147.0,29.85787582397461,43.67428207397461
Finland,2005,16692.470703125,2.204,10.87745953,192990732516.0,5246078.0,33.24829864501953,33.77267837524414
Finland,2006,17790.654296875,1.208,12.98343754,200966858669.0,5266248.0,27.293716430664062,44.86571502685547
Finland,2007,17722.642578125,1.948,12.62386036,211541390078.0,5288715.0,29.961809158325195,41.1851692199707
Finland,2008,16960.958984375,2.131,11.03346825,213226105706.0,5313379.0,35.9017448425293,34.41499710083008
Finland,2009,15761.8095703125,1.693,10.47434521,195739132370.0,5338854.0,30.11379623413086,37.23286437988281
Finland,2010,16993.119140625,0.243,11.95000172,201746033638.0,5363347.0,29.9851188659668,41.74106979370117
Finland,2011,16211.2421875,1.353,10.51290226,207084301562.0,5388236.0,32.8979606628418,35.55101776123047
Finland,2012,16226.515625,1.545,9.448505402,204190196792.0,5413978.0,40.56241607666016,26.785966873168945
Finland,2013,15989.904296875,1.43,9.508817673,202349011206.0,5439057.0,35.966880798339844,30.90092658996582
Finland,2014,15758.8701171875,2.589,8.719285965,201610622550.0,5461686.0,38.590309143066406,26.784141540527344
Finland,2015,15502.619140625,2.613,8.064646721,202706706722.0,5479719.0,44.49788665771485,21.614925384521484
Finland,2016,15958.603515625,2.156,8.598358154,208405735062.0,5495468.0,44.23272705078125,22.021818161010746
Finland,2017,15966.529296875,1.488,8.107075691,215058877437.0,5508398.0,46.60841369628906,20.097749710083008
Finland,2018,16347.7900390625,2.161,8.291921616,217509947213.0,5515730.0,45.763916015625,21.78556060791016
France,2001,7916.01611328125,1.382,6.870724678,2077786711965.0,59905131.0,14.023221015930176,8.372651100158691
France,2002,7860.626953125,1.043,6.746977806,2107316572579.0,60327247.0,11.372541427612305,9.395181655883787
France,2003,8111.80322265625,1.786,6.79916811,2130940712046.0,60741119.0,10.993865966796877,10.121081352233888
France,2004,8245.001953125,0.958,6.768636703,2196883540402.0,61175244.0,11.02242660522461,9.825181007385254
France,2005,8256.5478515625,1.0,6.75606823,2238790479440.0,61625031.0,9.660188674926758,11.004322052001951
France,2006,8121.859375,1.291,6.553910255,2297018080700.0,62049831.0,10.736824035644531,9.906575202941896
France,2007,8089.224609375,1.383,6.350243568,2354672057875.0,62432438.0,11.444539070129396,10.289405822753906
France,2008,8266.7802734375,0.962,6.208874702,2362451821701.0,62780187.0,12.757064819335938,9.735794067382812
France,2009,7969.70703125,1.171,5.885359287,2295352990111.0,63106460.0,12.885964393615724,9.639419555664062
France,2010,8383.3505859375,0.349,5.945995808,2342490492199.0,63417366.0,13.635394096374512,10.164307594299316
France,2011,8021.4921875,1.484,5.572034836,2393401943613.0,63733776.0,11.63040542602539,10.436007499694824
France,2012,8165.353515625,1.174,5.590209961,2400896391731.0,64058465.0,15.019908905029297,10.028541564941406
France,2013,8204.8232421875,0.668,5.591333866,2414733629218.0,64387736.0,17.23970603942871,9.300390243530272
France,2014,7715.26904296875,2.016,5.067183971,2437822780219.0,64692495.0,16.603979110717773,6.321625709533691
France,2015,7857.498046875,1.567,5.116292953,2464953810985.0,64916337.0,15.996097564697266,7.815166473388672
France,2016,7948.45654296875,1.741,5.154595375,2491956183265.0,65086853.0,17.715267181396484,10.135279655456545
France,2017,7897.859375,1.74,5.182954788,2549057506683.0,65284775.0,16.538311004638672,11.780689239501951
France,2018,7833.8466796875,1.99,4.931379795,2596599107835.0,65519537.0,19.75739288330078,8.581494331359863
Gabon,2001,1069.0335693359375,0.248,4.948112011,13408080502.0,1309594.0,62.85714340209961,37.14285659790039
Gabon,2002,1092.8214111328125,0.643,4.646580696,13745891364.0,1345142.0,62.58503341674805,37.41496658325195
Gabon,2003,1106.8076171875,0.843,4.880131245,14717147740.0,1382354.0,58.82352828979492,41.17647171020508
Gabon,2004,1076.2369384765625,0.762,4.492296696,15597639635.0,1421620.0,58.1699333190918,41.8300666809082
Gabon,2005,1072.7685546875,0.704,4.252182007,16662264363.0,1463503.0,51.59235382080078,48.40764236450195
Gabon,2006,1100.549072265625,0.655,3.674597502,17083887620.0,1508338.0,57.22891616821289,42.77108383178711
Gabon,2007,1111.65234375,0.815,3.237051249,19294943982.0,1556242.0,46.242774963378906,53.75722503662109
Gabon,2008,1126.1947021484375,0.682,3.346782684,19821156608.0,1607182.0,49.17127227783203,50.828731536865234
Gabon,2009,1101.3699951171875,0.712,3.192436934,21001791917.0,1661567.0,51.91256713867188,48.08742904663086
Gabon,2010,1122.1693115234375,1.01,3.214342594,23885406357.0,1719883.0,47.15026092529297,52.8497428894043
Gabon,2011,1139.177734375,0.466,3.056616545,27165828850.0,1781987.0,41.37931060791016,58.62069320678711
Gabon,2012,1169.53173828125,0.484,2.716004133,28592310064.0,1846893.0,42.12963104248047,57.87036895751953
Gabon,2013,1186.580078125,0.618,2.713111162,30169739768.0,1913061.0,44.97607803344727,55.02392578125
Gabon,2014,1202.992431640625,0.711,2.862661839,31507773384.0,1978400.0,40.20100402832031,59.79899597167969
Gabon,2015,1205.2974853515625,0.858,2.82807374,32729961516.0,2040990.0,43.3962287902832,56.60377883911133
Gabon,2016,1209.34521484375,1.416,2.672476053,33414337569.0,2100310.0,37.899539947509766,62.10045623779297
Gabon,2017,1251.79541015625,1.186,2.55019331,33572391290.0,2156902.0,41.96428680419922,58.03571319580078
Gabon,2018,1487.1265869140625,0.912,2.514718533,33855404131.0,2212320.0,47.12229919433594,52.87770080566406
Georgia,2001,1698.482177734375,1.266,0.884378016,24543619701.0,4209641.0,79.7965087890625,20.203487396240234
Georgia,2002,1850.840576171875,0.998,0.810722947,25794086372.0,4127854.0,93.18497467041016,6.81502103805542
Georgia,2003,1960.59765625,-0.293,0.913113713,28539726793.0,4085489.0,90.98591613769533,9.014084815979004
Georgia,2004,2006.8658447265625,0.823,1.054711461,30055110813.0,4056076.0,87.31777954101562,12.682215690612791
Georgia,2005,2123.624755859375,0.463,1.253195405,32780625465.0,4026135.0,85.69445037841797,14.30555534362793
Georgia,2006,2024.228759765625,1.193,1.569531918,35705812889.0,3996584.0,70.41500091552734,29.58500862121582
Georgia,2007,2091.948974609375,0.863,1.665822983,40006939154.0,3967592.0,79.4117660522461,20.58823585510254
Georgia,2008,2095.812744140625,0.631,1.458111167,40781279289.0,3941192.0,84.60620880126953,15.393794059753418
Georgia,2009,2000.5435791015625,0.63,1.574549675,39112877651.0,3918935.0,88.11524963378906,11.884754180908203
Georgia,2010,2230.53173828125,2.4,1.6144768,41359835742.0,3895932.0,93.16583251953124,6.834171295166016
Georgia,2011,2473.683837890625,0.419,2.01984024,44138043878.0,3868724.0,77.94410705566406,22.05588722229004
Georgia,2012,2529.16748046875,1.226,2.160243511,46970386649.0,3839208.0,74.32432556152344,25.675676345825195
Georgia,2013,2627.898193359375,1.319,2.107578278,48668828674.0,3809128.0,82.06412506103516,17.93587303161621
Georgia,2014,2778.86083984375,1.157,2.38816452,50830708616.0,3792921.0,80.1749267578125,19.8250732421875
Georgia,2015,2845.786865234375,1.672,2.582206249,52369351007.0,3791570.0,77.86046600341797,22.139535903930664
Georgia,2016,3008.917724609375,1.301,2.648410797,53891203471.0,3792061.0,80.50479125976562,19.49521446228028
Georgia,2017,3229.752685546875,0.733,2.652296066,56501161966.0,3792860.0,80.50699615478516,19.49300765991211
Georgia,2018,3415.126953125,2.43,2.605703592,59237502380.0,3794881.0,82.47508239746094,17.52491569519043
Germany,2001,7110.611328125,1.288,11.17065048,2793373055251.0,81933882.0,6.54299259185791,63.86845016479492
Germany,2002,7234.947265625,1.485,10.95226765,2822441773260.0,82068328.0,7.621283054351807,64.14108276367188
Germany,2003,7292.025390625,1.252,10.89372158,2831676106520.0,82111619.0,7.752104759216309,64.83065032958984
Germany,2004,7393.8359375,0.991,10.67780399,2894624877966.0,82092706.0,9.509514808654783,63.08399200439453
Germany,2005,7419.7958984375,1.018,10.57787991,2945460930734.0,82046733.0,10.341734886169434,63.074310302734375
Germany,2006,7505.5712890625,1.251,10.84960747,3086359147617.0,81701971.0,11.51380443572998,61.943824768066406
Germany,2007,7559.052734375,2.086,10.40797138,3220275669650.0,81298546.0,14.172080993652344,63.56045150756836
Germany,2008,7547.57861328125,1.539,10.56138897,3289020399474.0,81110780.0,14.925114631652832,61.59041213989258
Germany,2009,7112.9677734375,1.275,9.760687828,3136502162046.0,80935276.0,16.34124755859375,60.70991134643555
Germany,2010,7537.46240234375,0.188,10.22758007,3301123203586.0,80830916.0,16.886945724487305,60.59498977661133
Germany,2011,7435.63916015625,1.113,9.950070381,3467712967640.0,80857877.0,20.56694221496582,61.58677673339844
Germany,2012,7406.0400390625,1.342,10.06091595,3482225441398.0,80916391.0,23.13612174987793,60.8170280456543
Germany,2013,7372.75830078125,0.577,10.26319504,3497463140441.0,81041581.0,24.13092041015625,60.41862106323242
Germany,2014,7187.2470703125,2.51,9.739761353,3574741315261.0,81376078.0,26.170503616333008,58.131717681884766
Germany,2015,7199.16748046875,1.665,9.756901741,3628073946157.0,82077546.0,29.43504905700684,56.204139709472656
Germany,2016,7141.1220703125,1.979,9.642186165,3708979940863.0,82760102.0,29.481544494628903,57.32635116577149
Germany,2017,7123.603515625,1.642,9.441122055,3808389445530.0,83104010.0,33.46677780151367,54.69074630737305
Germany,2018,6999.525390625,2.387,9.10141468,3845758522294.0,83368507.0,35.25811004638672,52.72189331054688
Ghana,2001,394.7027893066406,0.532,0.295960456,43462708607.0,20167073.0,83.8668441772461,16.133163452148438
Ghana,2002,371.4532470703125,0.827,0.312756449,45606385848.0,20729392.0,68.77578735351562,31.22420883178711
Ghana,2003,292.0638732910156,1.001,0.313878208,48182826322.0,21296710.0,65.64625549316406,34.35374069213867
Ghana,2004,283.97271728515625,0.726,0.294976234,51015950853.0,21868298.0,87.33332824707031,12.666666030883787
Ghana,2005,308.2481384277344,0.963,0.272303909,54178109578.0,22449446.0,82.78932189941406,17.210681915283203
Ghana,2006,358.4960021972656,0.994,0.369918555,57735681030.0,23040704.0,66.38855743408203,33.6114387512207
Ghana,2007,302.4242553710937,0.892,0.37990725,60409358255.0,23642284.0,53.160919189453125,46.83908081054688
Ghana,2008,332.3719177246094,0.659,0.343271822,66155974151.0,24249945.0,73.91827392578125,26.08173179626465
Ghana,2009,337.4537658691406,0.829,0.276223719,69564814012.0,24862667.0,76.3982162475586,23.601789474487305
Ghana,2010,360.7458190917969,1.228,0.351030946,75296610301.0,25475000.0,68.67588806152344,31.32411193847656
Ghana,2011,410.0387878417969,0.837,0.395804435,86160263888.0,26095091.0,66.40141296386719,33.59858322143555
Ghana,2012,434.2739868164063,0.571,0.472823262,93421855305.0,26734273.0,65.9259262084961,34.074073791503906
Ghana,2013,456.0692138671875,0.791,0.46045056,100187456075.0,27386193.0,62.89453506469727,37.10546875
Ghana,2014,449.6891479492188,0.799,0.472746909,103048820009.0,28041592.0,63.60856246948242,36.39143753051758
Ghana,2015,393.0851745605469,1.111,0.507669449,105234477793.0,28696071.0,49.91408920288086,50.08590698242188
Ghana,2016,467.6950378417969,1.171,0.473950803,108784039058.0,29356736.0,42.21715927124024,57.782840728759766
Ghana,2017,444.8759765625,1.268,0.414460123,117627099029.0,30008364.0,42.6315803527832,57.3684196472168
Ghana,2018,467.0732727050781,0.982,0.495784968,124919973796.0,30637592.0,40.710933685302734,59.28907012939453
Greece,2001,5076.00830078125,1.38,9.716853142,234861781413.0,10843166.0,5.595736503601074,94.40425872802734
Greece,2002,5166.0712890625,0.503,9.641643524,246267119689.0,10890287.0,6.7091450691223145,93.29084777832033
Greece,2003,5437.57666015625,0.457,9.989182472,262880256421.0,10918467.0,10.282821655273438,89.71717834472656
Greece,2004,5575.76904296875,0.407,10.00101948,278667908011.0,10947369.0,10.151150703430176,89.84884643554688
Greece,2005,5692.38330078125,0.271,10.37112141,282859759866.0,10981340.0,10.914353370666504,89.08564758300781
Greece,2006,5774.2724609375,0.317,10.20499992,301538680337.0,11016107.0,12.910284996032717,87.0897216796875
Greece,2007,6043.9609375,1.148,10.37010479,314210147911.0,11045737.0,7.355769157409668,92.64423370361328
Greece,2008,6119.95751953125,0.949,10.02810383,315974328109.0,11076874.0,9.24734592437744,90.75265502929688
Greece,2009,5825.49609375,0.835,9.391325951,305101334774.0,11108067.0,13.523366928100586,86.47663116455078
Greece,2010,5601.9658203125,1.633,8.751196861,290984350750.0,11124666.0,18.600954055786133,81.3990478515625
Greece,2011,5552.3359375,0.441,8.507210732,266793942822.0,11108838.0,13.943540573120115,86.05645751953125
Greece,2012,5583.6689453125,1.286,8.272102356,247887031358.0,11048291.0,16.9086971282959,83.09130096435547
Greece,2013,5312.04150390625,1.374,7.450467587,241650188710.0,10967534.0,25.47454261779785,74.52545166015625
Greece,2014,5364.830078125,1.123,7.218808174,242799798246.0,10893169.0,24.546554565429688,75.45344543457031
Greece,2015,5605.8173828125,0.961,6.924252987,242323725826.0,10820902.0,29.089130401611328,70.91087341308594
Greece,2016,5813.18408203125,1.626,6.62239027,241143085639.0,10775506.0,27.65601921081543,72.34398651123047
Greece,2017,5676.2744140625,0.715,6.959736824,243776808141.0,10753532.0,25.18248176574707,74.81752014160156
Greece,2018,5487.91748046875,2.002,6.688949585,247844015413.0,10730846.0,30.678577423095703,69.32142639160156
Guatemala,2001,536.36669921875,0.312,0.847782493,70402333033.0,11969423.0,43.68499374389648,56.31500625610352
Guatemala,2002,512.7818603515625,0.586,0.873161256,73303957428.0,12246923.0,39.63964080810547,60.3603630065918
Guatemala,2003,519.7255249023438,1.014,0.831193984,75388396403.0,12525843.0,48.7698974609375,51.2301025390625
Guatemala,2004,468.4788208007813,0.674,0.86324352,78142886190.0,12807409.0,50.93457794189453,49.06542205810547
Guatemala,2005,507.3490295410156,0.902,0.919826806,80920955084.0,13087637.0,56.1151123046875,43.884891510009766
Guatemala,2006,582.7586669921875,0.709,0.910866082,85238080655.0,13367455.0,53.49428176879883,46.50571823120117
Guatemala,2007,629.9424438476562,0.71,0.887560129,90511916055.0,13652042.0,50.91743087768555,49.08256912231445
Guatemala,2008,617.8610229492188,0.333,0.770335495,93386251977.0,13935172.0,54.953914642333984,45.04608154296875
Guatemala,2009,622.554931640625,0.794,0.824775755,93773785204.0,14215614.0,45.79124450683594,54.20875549316406
Guatemala,2010,624.822509765625,0.783,0.746003747,96390296358.0,14500118.0,63.687782287597656,36.31221771240234
Guatemala,2011,614.5162353515625,0.53,0.742237329,100335200000.0,14792123.0,62.67123031616211,37.32876586914063
Guatemala,2012,622.2813110351562,0.629,0.75195837,103492749162.0,15089639.0,66.66666412353516,33.33333206176758
Guatemala,2013,636.8872680664062,0.735,0.811930835,107099471666.0,15387339.0,67.58893585205078,32.411067962646484
Guatemala,2014,646.612548828125,0.748,0.856079817,111858970345.0,15681725.0,68.42105102539062,31.57894515991211
Guatemala,2015,668.0547485351562,1.184,0.967281699,116436247567.0,15971745.0,61.14592361450195,38.85407638549805
Guatemala,2016,692.7387084960938,1.472,1.015671134,119554400888.0,16268761.0,61.804386138916016,38.19561767578125
Guatemala,2017,686.2890625,1.098,1.025674582,123236680953.0,16567363.0,68.6385726928711,31.36142539978028
Guatemala,2018,687.416259765625,0.893,1.08861196,127435350812.0,16845688.0,66.11321258544922,33.88679122924805
Guinea,2001,112.41266632080078,0.809,0.177623257,8530150477.0,8539963.0,57.29166793823242,42.70833206176758
Guinea,2002,116.43896484375,1.14,0.182057977,9080053247.0,8674072.0,58.41584014892578,41.58415603637695
Guinea,2003,96.94739532470705,1.043,0.186281487,9309105966.0,8870790.0,46.511627197265625,53.488372802734375
Guinea,2004,99.3078842163086,1.103,0.190017924,9645747516.0,9062724.0,61.111114501953125,38.88888931274414
Guinea,2005,85.44379425048828,1.223,0.192991361,10059820577.0,9245844.0,62.02531433105469,37.97468566894531
Guinea,2006,77.32089233398438,1.147,0.195596009,10279820925.0,9441174.0,63.01369857788086,36.98630142211914
Guinea,2007,80.72630310058594,1.035,0.199462697,11105668501.0,9662278.0,67.94871520996094,32.05128479003906
Guinea,2008,81.82752227783203,1.101,0.198396787,11730748654.0,9898870.0,64.19752502441406,35.802467346191406
Guinea,2009,78.86792755126953,0.884,0.206253827,11707653951.0,10143540.0,65.0,35.0
Guinea,2010,60.59970474243164,1.308,0.236487374,12362234837.0,10396090.0,76.19047546386719,23.80952453613281
Guinea,2011,51.61018371582031,1.091,0.239984721,13233698841.0,10656812.0,74.54545593261719,25.45454406738281
Guinea,2012,66.84014892578125,0.569,0.219070137,14087313893.0,10921580.0,67.123291015625,32.876708984375
Guinea,2013,58.07785034179688,1.062,0.185624674,14709018009.0,11191874.0,73.84615325927734,26.153846740722656
Guinea,2014,61.88484954833984,0.902,0.206626371,14874105154.0,11472921.0,59.154930114746094,40.84506988525391
Guinea,2015,96.8804702758789,1.215,0.20858188,14900874140.0,11767077.0,78.9473648071289,21.052631378173828
Guinea,2016,133.35508728027344,1.214,0.223623544,16533568057.0,12073031.0,68.32298278808594,31.677017211914062
Guinea,2017,142.9071044921875,1.529,0.391377509,18265129177.0,12385668.0,69.49152374267578,30.50847625732422
Guinea,2018,152.698486328125,1.222,0.29675895,19467826772.0,12704776.0,62.37113571166992,37.62886428833008
Guinea-Bissau,2001,15.856894493103027,1.294,0.03776478,1520990575.0,1261281.0,0.0,100.0
Guinea-Bissau,2002,15.512088775634766,1.325,0.04831085,1507700424.0,1289317.0,0.0,100.0
Guinea-Bissau,2003,15.16519832611084,0.974,0.055565286,1522869105.0,1318809.0,0.0,100.0
Guinea-Bissau,2004,22.22931861877441,1.093,0.032579292,1573921435.0,1349569.0,0.0,100.0
Guinea-Bissau,2005,21.714111328125,1.325,0.066300422,1653070519.0,1381590.0,0.0,100.0
Guinea-Bissau,2006,21.19669342041016,1.161,0.082842335,1701901067.0,1415315.0,0.0,100.0
Guinea-Bissau,2007,20.675552368164062,1.028,0.058079008,1768965179.0,1450989.0,0.0,100.0
Guinea-Bissau,2008,20.160490036010746,1.307,0.078792572,1837842538.0,1488059.0,0.0,100.0
Guinea-Bissau,2009,19.65429306030273,0.749,0.064811997,1913611627.0,1526384.0,0.0,100.0
Guinea-Bissau,2010,19.152782440185547,1.373,0.065497413,2015432308.0,1566352.0,0.0,100.0
Guinea-Bissau,2011,18.65574073791504,1.141,0.068354636,2192198781.0,1608084.0,0.0,100.0
Guinea-Bissau,2012,18.166128158569336,0.869,0.068779387,2160239109.0,1651425.0,0.0,100.0
Guinea-Bissau,2013,11.79259204864502,1.173,0.08425571,2238347369.0,1695980.0,0.0,100.0
Guinea-Bissau,2014,17.230228424072266,1.27,0.082071029,2253617077.0,1741126.0,0.0,100.0
Guinea-Bissau,2015,33.58595657348633,1.266,0.086141258,2372699688.0,1786461.0,0.0,100.0
Guinea-Bissau,2016,43.67055130004883,1.625,0.092005126,2519068025.0,1831898.0,0.0,100.0
Guinea-Bissau,2017,42.61952209472656,1.731,0.097598709,2668676184.0,1877074.0,0.0,100.0
Guinea-Bissau,2018,41.61968994140625,1.176,0.102933824,2771625236.0,1922167.0,0.0,100.0
Haiti,2001,69.77362060546875,0.614,0.173419401,12654293375.0,8455917.0,47.4576301574707,52.54237747192383
Haiti,2002,63.89666748046875,0.737,0.206528664,12820096281.0,8607648.0,47.27272415161133,52.72726821899414
Haiti,2003,60.50288009643555,0.966,0.193162188,13072600973.0,8759913.0,47.16981506347656,52.83019256591797
Haiti,2004,61.72654724121094,0.688,0.18439661,12808948010.0,8910267.0,47.27272415161133,52.72726821899414
Haiti,2005,60.69786834716797,0.888,0.189241156,13245370242.0,9061274.0,47.27272415161133,52.72726821899414
Haiti,2006,61.84513854980469,0.793,0.189414635,13759840125.0,9216569.0,47.36842346191406,52.6315803527832
Haiti,2007,49.075565338134766,0.904,0.188456461,14437110458.0,9373300.0,32.60869598388672,67.39130401611328
Haiti,2008,51.41236114501953,0.48,0.184004739,14789629003.0,9530782.0,36.73469543457031,63.26530456542969
Haiti,2009,73.27455139160156,0.732,0.194122344,15482895499.0,9689585.0,28.16901588439941,71.83098602294922
Haiti,2010,69.3644027709961,1.036,0.217216164,14869726114.0,9803299.0,25.0,75.0
Haiti,2011,99.84967803955078,0.411,0.229115576,15936160000.0,9914904.0,12.121212005615234,87.8787841796875
Haiti,2012,109.23784637451172,0.675,0.224657968,16393482000.0,10069770.0,20.0,80.0
Haiti,2013,102.71595001220705,0.929,0.264441252,17085684000.0,10222365.0,13.333333969116213,86.66667175292969
Haiti,2014,99.29393768310548,1.233,0.260134041,17572203000.0,10373241.0,8.73786449432373,91.26213836669922
Haiti,2015,97.8785171508789,1.28,0.252247661,17862468000.0,10523249.0,7.766990184783935,92.2330093383789
Haiti,2016,101.20450592041016,1.22,0.278958678,18337150574.0,10671462.0,6.481481075286865,93.51851654052734
Haiti,2017,97.9870147705078,0.99,0.289660931,18822570039.0,10817759.0,12.264151573181152,87.73585510253906
Haiti,2018,94.86996459960938,1.166,0.310238838,19129086184.0,10962373.0,18.26923179626465,81.73077392578125
Honduras,2001,624.44580078125,0.147,0.838251233,21992955509.0,6757992.0,49.61636734008789,50.38363265991211
Honduras,2002,657.1679077148438,0.531,0.856808901,22983633152.0,6938866.0,40.72289276123047,59.27710723876953
Honduras,2003,703.7294921875,0.528,0.939258039,24205428089.0,7119213.0,41.02564239501953,58.97436141967773
Honduras,2004,759.0077514648438,0.431,0.985635817,25910108120.0,7299003.0,34.10852813720703,65.8914794921875
Honduras,2005,746.1527099609375,0.79,0.913951099,27704981594.0,7478362.0,33.09222412109375,66.90777587890625
Honduras,2006,781.0018310546875,0.54,1.005403757,29769398424.0,7656832.0,36.74496841430664,63.25503158569336
Honduras,2007,804.1041870117188,0.672,1.048707366,31871721735.0,7834806.0,37.51987075805664,62.48012924194336
Honduras,2008,807.4791870117188,0.402,1.064937592,33484306097.0,8012590.0,38.11728286743164,61.882720947265625
Honduras,2009,831.5115966796875,0.709,0.980525315,32923391943.0,8189904.0,47.37609100341797,52.623905181884766
Honduras,2010,861.8339233398438,0.651,0.968999922,34409603132.0,8365881.0,48.61111068725586,51.38888931274414
Honduras,2011,879.3306884765625,0.481,1.037007213,35990758725.0,8540587.0,46.050872802734375,53.94913482666016
Honduras,2012,908.76953125,0.499,1.045126081,37443688294.0,8715081.0,46.42857360839844,53.57142639160156
Honduras,2013,935.959228515625,0.746,1.049383283,38446700070.0,8889276.0,44.092567443847656,55.90743255615234
Honduras,2014,951.1065673828124,0.549,1.048558831,39484545761.0,9063127.0,40.6024055480957,59.397586822509766
Honduras,2015,991.631103515625,1.028,1.179760456,40757802007.0,9237306.0,44.06215286254883,55.93784332275391
Honduras,2016,1019.933349609375,1.188,1.055922866,42125312119.0,9412380.0,48.06451416015625,51.93548202514648
Honduras,2017,1022.0956420898438,0.853,1.063597322,43936103834.0,9588144.0,57.3560791015625,42.6439208984375
Honduras,2018,1031.2119140625,0.642,1.011364937,45477892182.0,9765209.0,62.82183074951172,37.178165435791016
Hong Kong,2001,6071.52734375,0.827,5.504456997,219159408785.0,6774243.0,0.0,100.0
Hong Kong,2002,6192.2666015625,0.933,5.717772007,222182532288.0,6821412.0,0.0,100.0
Hong Kong,2003,6242.97802734375,0.96,6.230321407,225487397415.0,6858906.0,0.0,100.0
Hong Kong,2004,6358.7333984375,0.671,5.975141048,243895605092.0,6888164.0,0.0,100.0
Hong Kong,2005,6496.361328125,0.717,6.272591591,259469641313.0,6908483.0,0.0,100.0
Hong Kong,2006,6479.50146484375,0.886,6.047362328,274690745926.0,6931089.0,0.0,100.0
Hong Kong,2007,6569.751953125,0.995,6.250220299,291247413551.0,6971344.0,0.0,100.0
Hong Kong,2008,6506.48388671875,0.393,6.095448494,295823304243.0,7020689.0,0.0,100.0
Hong Kong,2009,6579.4091796875,0.891,5.886230469,285619082956.0,7064464.0,0.0,100.0
Hong Kong,2010,6571.7451171875,0.365,5.64138031,302377330309.0,7101614.0,0.1046298742294311,99.89537048339844
Hong Kong,2011,6628.89599609375,0.324,6.040865421,314044556431.0,7142969.0,0.1026430502533912,99.89735412597656
Hong Kong,2012,6735.12060546875,0.53,5.935016155,319384208506.0,7201059.0,0.1038152128458023,99.8961944580078
Hong Kong,2013,6617.265625,0.769,6.099736214,329290162080.0,7264330.0,0.1025378108024597,99.89746856689452
Hong Kong,2014,6667.1201171875,0.677,6.215143204,338386398632.0,7319502.0,0.1006542444229126,99.89934539794922
Hong Kong,2015,6573.07861328125,1.147,5.756333828,346466191769.0,7366411.0,0.1848917007446289,99.81510925292967
Hong Kong,2016,6552.37060546875,0.724,5.853915691,354003396927.0,7408006.0,0.3672612905502319,99.63274383544922
Hong Kong,2017,6470.21044921875,1.272,5.699369431,367441685993.0,7444889.0,0.4060639142990112,99.59394073486328
Hong Kong,2018,6506.326171875,1.079,5.701504707,377902310676.0,7471190.0,0.4101722836494446,99.5898208618164
Hungary,2001,3894.08837890625,1.416,5.884682178,142043461403.0,10166693.0,0.713893473148346,60.488746643066406
Hungary,2002,3985.81201171875,1.446,5.803837299,151456660939.0,10138461.0,0.6362378597259521,60.7745475769043
Hungary,2003,4062.728515625,0.732,6.094710827,160456137012.0,10108970.0,0.9668912887573242,66.77410125732422
Hungary,2004,4082.972900390625,0.568,5.947470188,171925388770.0,10085788.0,2.788490056991577,61.88075256347656
Hungary,2005,4170.59765625,0.252,5.974951267,183107031890.0,10065703.0,5.230769157409668,56.08391571044922
Hungary,2006,4284.60009765625,0.712,5.923272133,194033322767.0,10049946.0,4.156206607818604,58.298465728759766
Hungary,2007,4380.07080078125,2.152,5.825004578,198872162765.0,10034084.0,4.704704761505127,58.55855941772461
Hungary,2008,4384.69775390625,1.504,5.708935738,204720371926.0,10016653.0,5.872063636779785,57.09645080566406
Hungary,2009,4141.427734375,1.62,5.145042419,195180908684.0,10001381.0,8.047898292541504,48.98357009887695
Hungary,2010,4264.90185546875,0.817,5.210146427,200496589291.0,9979128.0,8.083511352539062,49.73233413696289
Hungary,2011,4288.87060546875,0.901,5.042490005,208407605976.0,9946675.0,7.523598194122314,48.91727066040039
Hungary,2012,4294.8095703125,1.742,4.711300373,205802052322.0,9916621.0,7.625650405883789,46.76487731933594
Hungary,2013,4262.16357421875,1.171,4.397312164,209511661762.0,9889344.0,9.18401050567627,40.039642333984375
Hungary,2014,4337.49169921875,2.221,4.424573898,218378634753.0,9862843.0,10.751956939697266,35.99863815307617
Hungary,2015,4473.93603515625,2.069,4.73278904,226474616785.0,9839211.0,10.616551399230955,37.19089889526367
Hungary,2016,4545.11669921875,1.896,4.794758797,231459349147.0,9810529.0,10.194479942321776,39.46047592163086
Hungary,2017,4680.3427734375,1.341,5.050633907,241347220007.0,9785608.0,10.57108211517334,40.52248001098633
Hungary,2018,4747.09716796875,2.527,5.050566673,254289117363.0,9774395.0,11.76287078857422,39.15756607055664
Iceland,2001,27924.142578125,0.508,10.05055809,9632094658.0,285058.0,100.0,0.0
Iceland,2002,29032.47265625,0.722,10.40299511,9623436669.0,287609.0,99.88023376464844,0.1197604686021804
Iceland,2003,29142.03515625,1.749,10.30825996,9810546928.0,289616.0,99.88152313232422,0.1184834167361259
Iceland,2004,29229.357421875,1.198,10.63472843,10591927126.0,292172.0,100.0,0.0
Iceland,2005,29004.3515625,0.418,10.0264101,11206862490.0,296852.0,100.0,0.0
Iceland,2006,32413.79296875,0.999,10.38025188,11775508947.0,303883.0,100.0,0.0
Iceland,2007,38150.3046875,1.068,11.21189022,12798725464.0,311662.0,100.0,0.0
Iceland,2008,51461.48828125,0.722,12.00396824,13031114591.0,317519.0,100.0,0.0
Iceland,2009,52445.08203125,0.885,11.70818138,12031037299.0,318619.0,100.0,0.0
Iceland,2010,52614.5390625,1.14,11.39867592,11531450215.0,318163.0,100.0,0.0
Iceland,2011,52798.3125,0.95,10.97790909,11716753534.0,319139.0,100.0,0.0
Iceland,2012,53887.9453125,0.674,10.90585041,11841375384.0,320851.0,100.0,0.0
Iceland,2013,55543.375,0.662,10.77151585,12380449213.0,323891.0,100.0,0.0
Iceland,2014,54348.3203125,1.582,10.51939583,12589333385.0,327517.0,100.0,0.0
Iceland,2015,56048.7265625,0.339,10.69915581,13147880818.0,330962.0,100.0,0.0
Iceland,2016,54146.515625,1.333,10.41109943,13976682094.0,335571.0,100.0,0.0
Iceland,2017,55510.7578125,1.617,10.51109219,14562998209.0,343537.0,100.0,0.0
Iceland,2018,55801.16796875,0.746,10.3875618,15275006901.0,352860.0,100.0,0.0
India,2001,544.9306640625,0.51,0.928842843,2940745466088.0,1077898579.0,12.999710083007812,83.77723693847656
India,2002,556.6597900390625,0.866,0.940916538,3024984520809.0,1097600380.0,11.938192367553713,84.88780212402344
India,2003,572.9031982421875,0.717,0.956657469,3251114494190.0,1116803000.0,11.695108413696287,85.46220397949219
India,2004,616.2194213867188,0.598,0.998784721,3495022816540.0,1135991509.0,15.637529373168944,81.3180160522461
India,2005,611.4873657226562,0.624,1.035262704,3752627653422.0,1154676321.0,15.25435733795166,82.22903442382812
India,2006,637.039306640625,0.725,1.102689743,4069856052453.0,1172878888.0,17.135257720947266,80.49649047851562
India,2007,672.8950805664062,0.68,1.17033112,4403215224414.0,1190676028.0,17.801973342895508,79.95880889892578
India,2008,690.643798828125,0.342,1.233817577,4649548164533.0,1207930960.0,16.768268585205078,81.39328002929688
India,2009,721.2665405273438,1.211,1.316438198,4993478894185.0,1225524764.0,15.165655136108398,82.91999816894531
India,2010,757.502197265625,1.2,1.349862814,5361371354007.0,1243481565.0,15.114428520202637,82.42079162597656
India,2011,822.5653686523438,0.415,1.399984121,5720692888000.0,1261224956.0,16.655689239501953,80.22319030761719
India,2012,854.83837890625,0.559,1.507018685,6052427493607.0,1278674501.0,14.868340492248535,82.08687591552734
India,2013,883.7428588867188,0.482,1.539814591,6424470752490.0,1295829507.0,16.034454345703125,81.04676818847656
India,2014,959.5914916992188,0.57,1.636888862,6875186158349.0,1312277184.0,15.770488739013672,81.47344207763672
India,2015,986.9170532226562,0.775,1.68055439,7391521519812.0,1328024494.0,14.625044822692873,82.45176696777344
India,2016,1037.1263427734375,1.171,1.750474453,8057465593010.0,1343944296.0,14.437999725341797,82.84501647949219
India,2017,1074.3883056640625,1.075,1.784068465,8550029645172.0,1359657398.0,15.45141887664795,81.99044036865234
India,2018,1140.50830078125,0.986,1.887906075,9173201683791.0,1374659067.0,16.293703079223633,81.22164916992188
Indonesia,2001,484.5322570800781,0.505,1.445743442,1185220908414.0,219097905.0,20.90241050720215,79.09758758544922
Indonesia,2002,508.9862976074219,0.63,1.38774097,1244249942443.0,222088499.0,18.57749366760254,81.4225082397461
Indonesia,2003,521.6220092773438,0.646,1.506451488,1309811268640.0,225048005.0,16.883892059326172,83.1161117553711
Indonesia,2004,547.4568481445312,0.599,1.503591657,1387446383159.0,227926649.0,16.805578231811523,83.19441986083984
Indonesia,2005,575.6011962890625,0.714,1.504564524,1474875329634.0,230871648.0,17.05169677734375,82.94830322265625
Indonesia,2006,589.865478515625,0.396,1.480501413,1565012923832.0,233951650.0,15.34782600402832,84.65217590332031
Indonesia,2007,625.9956665039062,0.448,1.634917021,1674227359084.0,237062338.0,16.3679256439209,83.632080078125
Indonesia,2008,649.1561889648438,0.242,1.521432519,1809491142510.0,240157902.0,16.89544677734375,83.10455322265625
Indonesia,2009,669.6405639648438,0.552,1.638945699,1905717479305.0,243220024.0,16.448701858520508,83.55130004882812
Indonesia,2010,720.8938598632812,0.755,1.80820322,2039334560589.0,246305327.0,19.503267288208008,80.4967269897461
Indonesia,2011,769.1505126953125,0.3,2.00608325,2178184530109.0,249470029.0,15.874504089355469,84.12548828125
Indonesia,2012,826.9142456054688,0.407,2.041047096,2309530044109.0,252698525.0,14.888016700744627,85.11198425292969
Indonesia,2013,880.1165771484375,0.75,1.928592443,2437876929100.0,255852464.0,15.765166282653809,84.23483276367188
Indonesia,2014,917.6158447265624,0.762,1.92380178,2559933272409.0,258877395.0,14.485981941223145,85.51402282714844
Indonesia,2015,929.2998046875,0.78,2.105277538,2684763880628.0,261799249.0,13.794804573059082,86.2052001953125
Indonesia,2016,975.862548828125,1.405,2.070718527,2819889903036.0,264627429.0,15.367891311645508,84.63211822509766
Indonesia,2017,998.516357421875,0.949,2.13553524,2962852274581.0,267346654.0,16.24722671508789,83.75277709960938
Indonesia,2018,1056.818115234375,0.87,2.249950886,3116158974437.0,269951847.0,17.04781723022461,82.95217895507812
Iran,2001,1887.11962890625,1.459,5.780590057,636570203280.0,67452005.0,3.252606153488159,96.74739837646484
Iran,2002,2035.1025390625,1.605,5.837725639,698059655739.0,68011318.0,5.81639289855957,94.18360900878906
Iran,2003,2213.486328125,0.873,5.976016521,779969698412.0,68769343.0,6.343554496765137,93.6564483642578
Iran,2004,2321.357177734375,1.45,6.292948723,849441950372.0,70256316.0,7.360530853271484,92.63947296142578
Iran,2005,2455.7119140625,0.786,6.498752117,908856025194.0,71828455.0,8.200146675109863,91.7998504638672
Iran,2006,2632.41259765625,1.805,6.826491833,995245162302.0,73392747.0,9.636561393737791,90.36344146728516
Iran,2007,2713.57666015625,0.829,6.806341171,1098784519617.0,74602648.0,8.910988807678223,91.0890121459961
Iran,2008,2758.421630859375,1.066,6.999056816,1132365762681.0,75514201.0,3.629626035690308,96.37037658691406
Iran,2009,2847.71337890625,1.116,7.107263565,1208128386676.0,76457831.0,3.133312225341797,96.86669158935548
Iran,2010,2996.479736328125,2.151,7.252517223,1310507059384.0,77420851.0,4.425492286682129,95.5745086669922
Iran,2011,2941.686767578125,1.28,7.353141308,1345049307937.0,78383602.0,4.630926609039307,95.3223876953125
Iran,2012,3044.074951171875,1.036,7.550383568,1324570752684.0,79370583.0,5.145935535430908,94.27112579345705
Iran,2013,3121.071533203125,1.605,7.585635662,1287095594893.0,80414689.0,5.7405548095703125,92.61377716064452
Iran,2014,3309.610107421875,1.02,7.904434681,1352737013920.0,81502045.0,5.351376533508301,93.17200469970705
Iran,2015,3359.6240234375,1.8,7.770075798,1331012211481.0,82619365.0,4.785184383392334,93.96588134765624
Iran,2016,3384.58984375,1.615,7.691962242,1413723685657.0,83812230.0,5.451876640319824,92.2869873046875
Iran,2017,3538.2978515625,1.688,8.190450668,1486668357750.0,85026761.0,5.786938190460205,91.93235778808594
Iran,2018,3583.919921875,1.997,7.716427326,1483607175221.0,86117999.0,3.467264175415039,94.32687377929688
Iraq,2001,1279.8714599609375,1.225,3.841678143,97219510326.0,25197842.0,1.922480583190918,98.0775146484375
Iraq,2002,1301.9793701171875,1.097,3.733308077,112141846978.0,26006558.0,1.535735249519348,98.46426391601562
Iraq,2003,1056.984619140625,0.905,3.784114599,94480598969.0,26802660.0,1.5178256034851074,98.48217010498048
Iraq,2004,1218.7305908203125,1.039,4.098061562,155937247290.0,27577876.0,1.5174976587295532,98.48249816894533
Iraq,2005,1113.7923583984375,0.485,4.022953987,170895694120.0,28407450.0,19.73684310913086,80.2631607055664
Iraq,2006,1276.18603515625,1.574,3.45388341,190082841273.0,28616518.0,18.03133201599121,81.96865844726562
Iraq,2007,1248.2562255859375,0.923,2.16125226,200529416438.0,28391606.0,17.26835060119629,82.73164367675781
Iraq,2008,1375.5113525390625,1.11,3.25619626,231588128927.0,28971042.0,9.43600845336914,90.56399536132812
Iraq,2009,1445.1959228515625,0.809,3.500257254,259745648872.0,30058207.0,8.533685684204102,91.46631622314452
Iraq,2010,1791.893798828125,2.625,3.671511889,297507194079.0,31045367.0,9.752606391906738,90.24739074707033
Iraq,2011,1900.7242431640625,0.829,3.840800285,344220720679.0,32161425.0,6.307977676391602,93.6920166015625
Iraq,2012,1669.59619140625,1.222,3.982771635,392191319237.0,33654843.0,9.53933048248291,90.4606704711914
Iraq,2013,1931.297119140625,1.204,4.016337872,422107689937.0,35281987.0,8.166383743286133,91.83361053466795
Iraq,2014,2131.050048828125,1.148,3.762311459,425222855485.0,36550058.0,4.33144998550415,95.6685562133789
Iraq,2015,2124.836669921875,1.921,3.794674397,436010743372.0,37560535.0,3.694790363311768,96.30520629882812
Iraq,2016,2341.32763671875,1.683,3.98059845,502280002568.0,38469628.0,4.186500549316406,95.8134994506836
Iraq,2017,2522.284423828125,1.563,4.25733614,485207548291.0,39337358.0,2.393673896789551,97.6063232421875
Iraq,2018,2560.248046875,2.396,4.623209953,508026800522.0,40265629.0,1.910374879837036,98.0896224975586
Ireland,2001,6300.83349609375,0.525,12.32408619,158384851025.0,3862981.0,4.229361534118652,95.77063751220705
Ireland,2002,6440.21337890625,0.801,11.73019695,169226186783.0,3928441.0,5.564516067504883,94.43548583984376
Ireland,2003,6511.5009765625,0.992,11.4411993,177468844871.0,3992935.0,4.631494045257568,95.3685073852539
Ireland,2004,6583.75927734375,0.863,11.35415268,191402766075.0,4066066.0,5.595237731933594,94.4047622680664
Ireland,2005,6651.77294921875,1.142,11.58837891,204898243531.0,4155283.0,7.3828125,92.61717987060548
Ireland,2006,6765.40673828125,1.132,11.15012741,219162994472.0,4268775.0,9.225091934204102,90.77490997314452
Ireland,2007,6757.6826171875,1.329,10.84738731,230371638354.0,4393518.0,10.014103889465332,89.98589324951172
Ireland,2008,6772.19189453125,0.808,10.55754757,223067117042.0,4485992.0,12.161710739135742,87.83829498291016
Ireland,2009,6339.123046875,0.773,9.302910805,215181048184.0,4533750.0,14.867762565612791,85.13224029541016
Ireland,2010,6279.77001953125,-0.139,9.166512489,221852442105.0,4559084.0,13.387784004211426,86.61221313476562
Ireland,2011,6046.3759765625,0.524,8.309538841,224397469453.0,4579603.0,20.2205867767334,79.77941131591797
Ireland,2012,5993.30224609375,0.682,8.309304237,217871560184.0,4600135.0,19.587629318237305,80.41236877441406
Ireland,2013,6024.19287109375,0.563,8.060807228,222738952818.0,4624686.0,22.28727531433105,77.71272277832031
Ireland,2014,6013.005859375,1.357,7.910693169,236178350686.0,4658236.0,25.019332885742188,74.98065948486328
Ireland,2015,6130.78515625,0.43,8.232944489,249955928768.0,4702497.0,28.30255699157715,71.69744873046875
Ireland,2016,6224.87890625,1.034,8.492473602,255118282428.0,4753506.0,25.11551284790039,74.88449096679688
Ireland,2017,6259.53955078125,1.262,8.116082191,266528546717.0,4810258.0,29.26274681091309,70.73725128173828
Ireland,2018,6364.21240234375,0.778,7.988074303,282500483309.0,4872559.0,33.31185531616211,66.68814849853516
Israel,2001,6797.1494140625,0.927,10.06769943,158567053954.0,6259977.0,0.0455062538385391,99.9544906616211
Israel,2002,6905.44384765625,0.781,9.284213066,158018046039.0,6387714.0,0.0659340620040893,99.93406677246094
Israel,2003,7007.72802734375,0.604,9.598092079,159162904545.0,6502821.0,0.0850340127944946,99.91496276855467
Israel,2004,6926.59375,0.601,8.870519638,166466423998.0,6615084.0,0.0846023708581924,99.9154052734375
Israel,2005,6976.59326171875,0.261,8.401589394,172697410123.0,6728212.0,0.0822875946760177,99.91770935058594
Israel,2006,7118.6142578125,0.679,9.080757141,181910800706.0,6844029.0,0.0395569615066051,99.96044158935548
Israel,2007,7426.9765625,0.588,9.019775391,192596811708.0,6962456.0,0.0371816307306289,99.96281433105467
Israel,2008,7500.04833984375,0.82,9.598180771,197785749719.0,7082621.0,0.0704349353909492,99.9295654296875
Israel,2009,7070.40283203125,0.874,8.862072945,199771084186.0,7206096.0,0.1644436419010162,99.83555603027344
Israel,2010,7439.27685546875,2.369,9.307533264,210327630432.0,7336735.0,0.2903501391410827,99.70965576171876
Israel,2011,7412.6396484375,0.589,9.181438446,220210380263.0,7471023.0,0.5033557415008545,99.49664306640624
Israel,2012,7700.01171875,1.039,9.829566956,225909436249.0,7607781.0,0.7776543498039246,99.22235107421876
Israel,2013,7308.98193359375,1.124,8.141992569,235885601546.0,7749369.0,0.9295498728752136,99.07044982910156
Israel,2014,7093.677734375,0.919,7.632961273,245129958334.0,7897173.0,1.5773906707763672,98.422607421875
Israel,2015,7330.263671875,1.401,7.81525898,251223879854.0,8052916.0,1.8994238376617432,98.10057067871094
Israel,2016,7485.9873046875,1.701,7.449976444,262584215516.0,8210006.0,2.5369348526000977,97.46305847167967
Israel,2017,7389.56103515625,0.831,7.037854195,273812314306.0,8361796.0,2.5059311389923096,97.49406433105467
Israel,2018,7421.79833984375,2.061,7.048820019,284956472967.0,8510067.0,2.723848342895508,97.27615356445312
Italy,2001,5588.966796875,1.513,8.196022034,1910272015654.0,57305760.0,19.98896598815918,80.01103973388672
Italy,2002,5714.49609375,0.895,8.309492111,1929301903714.0,57420636.0,17.407127380371094,82.5928726196289
Italy,2003,5840.6953125,1.508,8.5745821,1947667703883.0,57739697.0,16.369163513183594,83.63084411621094
Italy,2004,5832.91552734375,0.729,8.606313705,1994293720592.0,58176736.0,18.34122085571289,81.65878295898438
Italy,2005,5874.603515625,0.542,8.567465782,2029243417217.0,58519696.0,16.437564849853516,83.56243133544922
Italy,2006,5967.20947265625,0.817,8.443185806,2086553648584.0,58754434.0,16.570138931274414,83.42986297607422
Italy,2007,5962.7412109375,1.535,8.286316872,2134371774096.0,59108723.0,15.586112022399902,84.41388702392578
Italy,2008,5903.12353515625,1.093,8.027508736,2129113318512.0,59561687.0,18.666751861572266,81.33324432373047
Italy,2009,5530.84814453125,1.169,7.078524113,2029023036275.0,59904016.0,24.18634033203125,75.81366729736328
Italy,2010,5664.3310546875,0.699,7.241381645,2080545936781.0,60164212.0,25.948150634765625,74.05184936523438
Italy,2011,5700.05078125,1.189,7.02189827,2110883320816.0,60367882.0,27.80105209350586,72.1989517211914
Italy,2012,5589.64990234375,1.488,6.665015221,2047959835066.0,60531522.0,31.23454666137696,68.76544952392578
Italy,2013,5410.37255859375,0.962,6.091294289,2010255414011.0,60653864.0,39.15810394287109,60.84190368652344
Italy,2014,5279.0634765625,1.581,5.759395599,2010164047423.0,60664169.0,43.64083480834961,56.359169006347656
Italy,2015,5383.05078125,1.654,5.963546753,2025809415322.0,60575314.0,38.93099594116211,61.06900024414063
Italy,2016,5340.4453125,1.664,5.921699524,2052012434345.0,60478103.0,37.77233505249024,62.2276611328125
Italy,2017,5461.96826171875,1.57,5.839781284,2086237040647.0,60390317.0,35.567806243896484,64.43219757080078
Italy,2018,5474.01611328125,1.82,5.790690899,2105551772855.0,60277496.0,39.9951057434082,60.0048942565918
Jamaica,2001,2587.248046875,0.442,4.030025959,17823908809.0,2624410.0,3.38733434677124,96.61266326904295
Jamaica,2002,2635.782470703125,0.665,3.863761902,18032751164.0,2640582.0,2.15517258644104,97.8448257446289
Jamaica,2003,2702.673095703125,0.827,4.01526165,18718066744.0,2656629.0,2.506963968276977,97.4930419921875
Jamaica,2004,2713.0927734375,0.659,3.95708251,18987080266.0,2672227.0,3.172413825988769,96.82758331298828
Jamaica,2005,2779.9794921875,0.751,3.875178099,19174940176.0,2687070.0,3.614458084106445,96.3855438232422
Jamaica,2006,2776.777099609375,0.756,4.284989834,19747242374.0,2700973.0,3.733333349227905,96.26666259765624
Jamaica,2007,2233.024658203125,0.768,3.960940123,20046356418.0,2713808.0,4.95049524307251,95.04950714111328
Jamaica,2008,1551.93310546875,0.484,3.953566313,19893168382.0,2725633.0,6.146571636199951,93.85343170166016
Jamaica,2009,1607.5989990234375,0.742,2.900054455,19223460566.0,2737001.0,7.5,92.5
Jamaica,2010,1571.7247314453125,1.284,2.793193102,18949004011.0,2748573.0,7.638888835906982,92.3611068725586
Jamaica,2011,1579.4281005859375,0.526,2.980008364,19220287418.0,2760493.0,8.715596199035645,91.2844009399414
Jamaica,2012,1554.591796875,0.659,2.844860077,19123987392.0,2772432.0,10.208816528320312,89.79118347167969
Jamaica,2013,1541.120361328125,0.924,3.041549444,19166827044.0,2783689.0,9.324009895324709,90.67599487304688
Jamaica,2014,1524.8289794921875,1.147,2.747365952,19277035737.0,2793756.0,9.859153747558594,90.14083862304688
Jamaica,2015,1527.1883544921875,1.219,2.842503786,19444553127.0,2802536.0,10.280373573303224,89.71961975097656
Jamaica,2016,1597.9107666015625,1.369,2.894788027,19735837824.0,2809919.0,12.249444007873535,87.75056457519531
Jamaica,2017,1555.527587890625,1.05,2.758836031,19869841700.0,2815765.0,11.643835067749023,88.35616302490234
Jamaica,2018,1404.2041015625,1.23,2.858282089,20232863013.0,2820103.0,14.646464347839355,85.3535385131836
Japan,2001,8511.2275390625,0.429,9.790458679,4224163277272.0,127260144.0,9.077312469482422,61.3291015625
Japan,2002,8652.57421875,0.639,10.00450516,4226576076119.0,127484599.0,8.942316055297852,62.56810760498047
Japan,2003,8557.8388671875,0.331,10.05586529,4288493482445.0,127671254.0,10.262770652770996,68.67901611328125
Japan,2004,8771.921875,1.132,10.0075407,4380398118363.0,127815769.0,10.027738571166992,64.47525024414062
Japan,2005,9014.462890625,0.751,10.05690575,4450600710060.0,127913331.0,8.914463996887207,65.67164611816406
Japan,2006,9096.6796875,0.404,9.870840073,4514225078439.0,127997247.0,9.831236839294434,64.03487396240234
Japan,2007,9213.2978515625,1.018,10.14128399,4590814009043.0,128087683.0,8.6229248046875,67.73436737060547
Japan,2008,9236.3994140625,0.682,9.587430954,4542408020234.0,128155992.0,8.61535930633545,70.117431640625
Japan,2009,8690.2138671875,0.816,9.050865173,4298103109270.0,128192471.0,8.732338905334473,66.61370849609375
Japan,2010,9018.5087890625,0.935,9.447967529,4480295644398.0,128185273.0,10.228019714355469,64.48219299316406
Japan,2011,8620.068359375,0.607,9.845555305,4468738319171.0,128096430.0,10.278935432434082,74.96559143066406
Japan,2012,8652.34765625,0.397,10.17845726,4530172048567.0,127928283.0,10.058000564575195,88.31671142578125
Japan,2013,8516.5126953125,0.62,10.27120399,4621006950566.0,127723642.0,11.08240795135498,87.57537841796875
Japan,2014,8335.9345703125,0.556,9.885528564,4634693421103.0,127486601.0,12.599743843078612,87.40026092529297
Japan,2015,8093.60009765625,0.829,9.585339546,4707025000790.0,127275868.0,14.951656341552734,84.60956573486328
Japan,2016,8365.0546875,1.313,9.436406136,4742508721138.0,127159950.0,14.268121719360352,84.06976318359375
Japan,2017,8474.8955078125,0.783,9.321170807,4821960242931.0,127064686.0,15.16446018218994,82.13602447509766
Japan,2018,8532.82421875,0.908,8.971074104,4852985093686.0,126913432.0,16.19125747680664,79.27381896972656
Jordan,2001,1418.465576171875,1.011,2.883837938,38405924481.0,5498900.0,0.5305039882659912,99.46949768066406
Jordan,2002,1502.828369140625,0.688,2.974868059,41327374100.0,5616077.0,0.6157635450363159,99.3842315673828
Jordan,2003,1567.442626953125,0.524,3.008331299,43669159351.0,5741837.0,0.6226650476455688,99.3773422241211
Jordan,2004,1657.580810546875,0.65,3.230715513,47936969925.0,5882066.0,0.6696428656578064,99.33035278320312
Jordan,2005,1723.1666259765625,0.187,3.448050261,52217618202.0,6029597.0,0.621761679649353,99.37824249267578
Jordan,2006,1801.6680908203125,0.78,3.240745544,59977821392.0,6427377.0,0.5395683646202087,99.46043395996094
Jordan,2007,1883.6322021484373,0.538,3.17846632,68285595085.0,6827235.0,0.5455962419509888,99.45440673828124
Jordan,2008,2055.8310546875,0.755,3.002528429,72788636146.0,6989874.0,0.4946996569633484,99.50530242919922
Jordan,2009,2033.1114501953125,0.574,3.01676321,76172493182.0,7141763.0,0.4901960790157318,99.50980377197266
Jordan,2010,2109.07275390625,2.603,2.855722904,77493873619.0,7297046.0,0.4736129939556122,99.5263900756836
Jordan,2011,2177.68212890625,0.509,2.862057209,79441955134.0,7480431.0,0.4098360538482666,99.59016418457033
Jordan,2012,2276.22216796875,1.068,3.172357559,81371594307.0,7587133.0,0.4219409227371216,99.57806396484376
Jordan,2013,2199.75146484375,1.004,3.010705948,83495396478.0,7991812.0,0.3476245403289795,99.65238189697266
Jordan,2014,2120.177734375,0.796,2.976079941,86320876820.0,8791715.0,0.3831417560577392,99.61685943603516
Jordan,2015,2054.536865234375,1.445,2.7029984,88475445240.0,9544730.0,1.206715703010559,98.79328918457033
Jordan,2016,1994.7294921875,1.642,2.493357897,90239641982.0,10006369.0,4.372140407562256,95.62785339355467
Jordan,2017,2029.4644775390625,0.949,2.548305035,92472176531.0,10234227.0,6.737246990203857,93.26274871826172
Jordan,2018,1955.5909423828125,1.978,2.42959404,94246709824.0,10462310.0,10.603829383850098,89.39616394042969
Kazakhstan,2001,3671.138427734375,1.654,8.862383842,162896083567.0,15575550.0,14.59010410308838,85.4098892211914
Kazakhstan,2002,3750.475830078125,2.288,10.01286507,179807015103.0,15656680.0,15.24087142944336,84.75912475585938
Kazakhstan,2003,3961.9296875,0.124,11.11435699,197584132991.0,15747377.0,13.498276710510254,86.50172424316406
Kazakhstan,2004,4087.02392578125,2.167,11.70182419,217713169930.0,15850164.0,12.038836479187012,87.96116638183594
Kazakhstan,2005,4245.33447265625,1.565,12.42779827,240059743236.0,15968118.0,11.57243824005127,88.42756652832031
Kazakhstan,2006,4463.5654296875,1.445,13.63866138,267135182235.0,16103718.0,10.84286880493164,89.1571273803711
Kazakhstan,2007,4717.90576171875,2.183,13.88383198,292456722644.0,16257212.0,10.66301155090332,89.33698272705078
Kazakhstan,2008,4909.1328125,1.544,13.76446629,303717015928.0,16426527.0,9.284380912780762,90.7156219482422
Kazakhstan,2009,4696.79296875,1.175,13.42907524,309012285175.0,16619851.0,8.738726615905762,91.26126861572266
Kazakhstan,2010,4977.7841796875,1.295,14.73514271,333341740713.0,16836808.0,9.703569412231444,90.29642486572266
Kazakhstan,2011,5119.537109375,0.724,13.9550581,360244945296.0,17065996.0,9.10140895843506,90.8985824584961
Kazakhstan,2012,5312.5732421875,1.136,14.17203712,378260779954.0,17306115.0,8.43080997467041,91.5691909790039
Kazakhstan,2013,5226.5537109375,1.599,14.44095993,400574375261.0,17556502.0,8.346830368041992,91.65316772460938
Kazakhstan,2014,5246.32373046875,0.663,16.79010773,417799078586.0,17816285.0,8.738377571105957,91.26162719726562
Kazakhstan,2015,5067.966796875,1.585,16.75787163,421977118608.0,18084175.0,10.310965538024902,89.68902587890625
Kazakhstan,2016,5085.0595703125,2.214,16.43135452,425774884998.0,18363600.0,12.659832954406738,87.34017181396484
Kazakhstan,2017,5294.89404296875,1.742,17.0341835,442384368842.0,18651931.0,11.287819862365724,88.7121810913086
Kazakhstan,2018,5482.57080078125,0.631,17.40753746,460522121041.0,18932725.0,10.169649124145508,89.83035278320312
Kenya,2001,157.4993896484375,0.554,0.291709125,62956470966.0,31619170.0,59.45945739746094,40.54054260253906
Kenya,2002,164.5734405517578,0.693,0.239630982,64478127960.0,32629809.0,76.69902801513672,23.30097198486328
Kenya,2003,168.4880828857422,0.846,0.199575201,67617075406.0,33652233.0,81.9343032836914,18.065692901611328
Kenya,2004,182.06198120117188,0.627,0.219550103,72070033430.0,34713453.0,70.45455169677734,29.545455932617188
Kenya,2005,187.1692047119141,0.893,0.236173078,77598831261.0,35796485.0,66.71641540527344,33.28358459472656
Kenya,2006,202.41702270507807,0.978,0.25923568,83653248054.0,36904010.0,62.84952926635742,37.15046310424805
Kenya,2007,174.3069305419922,0.698,0.255913675,91060343688.0,38036354.0,74.0629653930664,25.937030792236328
Kenya,2008,156.35223388671875,0.764,0.25757587,92971180385.0,39206349.0,72.68292236328125,27.31707191467285
Kenya,2009,162.3405303955078,1.329,0.301537931,97792492598.0,40408887.0,60.610687255859375,39.38930892944336
Kenya,2010,172.1212921142578,1.146,0.285029471,108082167772.0,41598570.0,74.44133758544922,25.55866050720215
Kenya,2011,183.1216278076172,1.072,0.285736263,117152107312.0,42758467.0,69.220947265625,30.779056549072266
Kenya,2012,186.3822326660156,0.942,0.256237268,122504792826.0,43888306.0,77.47857666015625,22.521419525146484
Kenya,2013,179.60826110839844,0.846,0.270366669,127157517259.0,44986794.0,78.34158325195312,21.658416748046875
Kenya,2014,202.5995178222656,0.93,0.2869488,133540839466.0,46051441.0,76.41304779052734,23.586957931518555
Kenya,2015,208.54335021972656,1.148,0.323055506,140175144054.0,47088528.0,89.80632019042969,10.193679809570312
Kenya,2016,202.12014770507807,1.15,0.33836323,146082118752.0,48139683.0,89.2562026977539,10.74380111694336
Kenya,2017,224.603744506836,1.393,0.328899205,151656608610.0,49197757.0,80.88642883300781,19.11357307434082
Kenya,2018,226.8603057861328,0.505,0.338654399,160257055688.0,50207109.0,86.28318786621094,13.71681308746338
Kuwait,2001,17080.591796875,1.121,29.44005013,75867443155.0,2008127.0,0.0,100.0
Kuwait,2002,17655.484375,1.452,29.18157196,83636154969.0,2059983.0,0.0,100.0
Kuwait,2003,18863.578125,1.409,29.6180954,104974065782.0,2109886.0,0.0,100.0
Kuwait,2004,19125.501953125,1.354,30.52626419,123477836787.0,2157329.0,0.0,100.0
Kuwait,2005,19550.27734375,0.556,33.35808945,142799938874.0,2236797.0,0.0,100.0
Kuwait,2006,20129.052734375,1.773,32.23266602,159619963672.0,2364741.0,0.0,100.0
Kuwait,2007,19438.65234375,0.952,30.82071114,174545824817.0,2507890.0,0.0,100.0
Kuwait,2008,19517.748046875,1.197,31.847826,183755530386.0,2651433.0,0.0,100.0
Kuwait,2009,19037.814453125,1.099,31.77694321,175302339443.0,2795489.0,0.0,100.0
Kuwait,2010,19375.72265625,2.395,30.48236465,176036955078.0,2943374.0,0.0,100.0
Kuwait,2011,18341.33203125,1.179,27.81871033,201228682118.0,3132815.0,0.0,100.0
Kuwait,2012,18315.71484375,1.402,30.32658577,214560063974.0,3337025.0,0.0,100.0
Kuwait,2013,17387.189453125,1.301,23.67516708,217029672079.0,3507755.0,0.0163961295038461,99.9835968017578
Kuwait,2014,17772.533203125,1.454,20.45784569,218112639263.0,3665769.0,0.0153491934761404,99.98464965820312
Kuwait,2015,17812.1328125,2.097,24.33650398,219406044434.0,3834465.0,0.0146412877365946,99.98535919189452
Kuwait,2016,17507.59765625,1.731,25.97888565,225825859800.0,4003976.0,0.0285306703299283,99.97147369384766
Kuwait,2017,16581.27734375,2.014,24.07170105,215180426540.0,4154686.0,0.0580635778605937,99.94193267822266
Kuwait,2018,17146.26953125,2.395,23.69738388,220424403170.0,4323389.0,0.1214083433151245,99.87859344482422
Kyrgyzstan,2001,2557.19677734375,1.515,0.760404289,16336535537.0,5071960.0,83.11951446533203,16.88048553466797
Kyrgyzstan,2002,2404.103759765625,1.485,0.96110338,16170495966.0,5116252.0,82.28043365478516,17.719568252563477
Kyrgyzstan,2003,2680.53271484375,0.516,1.041885495,17135753196.0,5159422.0,86.65803527832031,13.341968536376951
Kyrgyzstan,2004,2465.8623046875,1.584,1.11629951,18155686902.0,5203048.0,86.32425689697266,13.675743103027344
Kyrgyzstan,2005,2312.08935546875,1.231,1.051985741,17942169018.0,5246337.0,85.48278045654297,14.517218589782717
Kyrgyzstan,2006,2279.244873046875,1.684,1.033093929,18316466710.0,5282451.0,84.87973022460938,15.120275497436523
Kyrgyzstan,2007,2318.676513671875,1.746,1.227521777,19684074796.0,5313376.0,85.78231048583984,14.217686653137209
Kyrgyzstan,2008,2043.9754638671875,1.049,1.400251746,20960394949.0,5342530.0,85.71429443359375,14.285714149475098
Kyrgyzstan,2009,1811.7777099609373,1.032,1.242917895,21348199451.0,5398013.0,92.07649993896484,7.923497676849365
Kyrgyzstan,2010,1871.894287109375,1.406,1.157307029,21037148123.0,5491763.0,91.7431182861328,8.256880760192871
Kyrgyzstan,2011,2205.72314453125,1.265,1.362073779,22069322288.0,5594537.0,93.27114868164062,6.728847503662109
Kyrgyzstan,2012,2347.046630859375,0.323,1.770675302,22049906072.0,5696521.0,93.41317749023438,6.586826324462891
Kyrgyzstan,2013,2375.24609375,1.404,1.679026961,24456653043.0,5797294.0,93.39080047607422,6.609195709228516
Kyrgyzstan,2014,2482.06201171875,0.499,1.735474586,25440781974.0,5898322.0,91.19889068603516,8.801108360290527
Kyrgyzstan,2015,2244.29833984375,1.472,1.71026206,26426866370.0,6001876.0,85.06192016601562,14.938079833984377
Kyrgyzstan,2016,2174.033935546875,1.851,1.575139403,27572739134.0,6108460.0,86.53992462158203,13.460076332092283
Kyrgyzstan,2017,2274.865478515625,1.439,1.505449533,28879683468.0,6220148.0,91.4769058227539,8.523097038269043
Kyrgyzstan,2018,2314.82470703125,1.248,1.762122273,29878637891.0,6341733.0,91.83409118652344,8.165910720825195
Laos,2001,179.2997283935547,0.61,0.191826969,13005702889.0,5521481.0,89.91825103759766,10.081744194030762
Laos,2002,183.5716552734375,0.578,0.207768902,13872426080.0,5610888.0,89.91596984863281,10.084033966064451
Laos,2003,196.5621337890625,0.922,0.214281499,14843718409.0,5697944.0,89.84126281738281,10.158729553222656
Laos,2004,143.55819702148438,0.335,0.221820608,16000772290.0,5781627.0,100.0,0.0
Laos,2005,228.29763793945312,0.816,0.227788553,17208611490.0,5869531.0,100.0,0.0
Laos,2006,291.7897033691406,0.784,0.294696689,17176979638.0,5963199.0,100.0,0.0
Laos,2007,399.5880737304688,0.497,0.303112984,20454811822.0,6056237.0,100.0,0.0
Laos,2008,365.9147033691406,0.199,0.346617341,22210959976.0,6148974.0,100.0,0.0
Laos,2009,419.7608642578125,0.558,0.427363992,24050843271.0,6241649.0,100.0,0.0
Laos,2010,460.9897155761719,1.262,0.473753572,26198017296.0,6334198.0,100.0,0.0
Laos,2011,477.70263671875,0.041,0.481876552,28505277000.0,6426592.0,100.0,0.0
Laos,2012,598.2530517578125,0.886,0.5105654,30756620000.0,6518981.0,100.0,0.0
Laos,2013,626.1925048828125,1.081,0.635012329,33213895000.0,6611385.0,100.0,0.0
Laos,2014,707.1281127929688,0.67,0.653872252,35727804000.0,6703170.0,100.0,0.0
Laos,2015,979.174560546875,1.319,1.350377798,38423808000.0,6801647.0,86.01484680175781,13.985148429870604
Laos,2016,969.7776489257812,1.348,2.374728918,41128975200.0,6908800.0,68.7720718383789,31.227933883666992
Laos,2017,950.3929443359376,1.139,2.796311617,43958737408.0,7018150.0,64.82137298583984,35.17863082885742
Laos,2018,1053.585205078125,0.854,2.873368979,46694965948.0,7128043.0,65.07844543457031,34.92156219482422
Latvia,2001,2630.116943359375,1.8,3.205965519,28242589693.0,2338299.0,66.2763442993164,33.723655700683594
Latvia,2002,2734.3232421875,1.707,3.253679514,30014856985.0,2311358.0,62.46851348876953,37.53148651123047
Latvia,2003,2883.37646484375,0.236,3.375315666,32298352002.0,2288983.0,58.94206237792969,41.05793380737305
Latvia,2004,2998.87939453125,1.01,3.414570093,34720425840.0,2264179.0,68.23027801513672,31.76972198486328
Latvia,2005,3156.55029296875,1.352,3.487279892,38143684659.0,2239787.0,69.51219940185547,30.4878044128418
Latvia,2006,3334.77685546875,1.082,3.744916201,42361248688.0,2219039.0,57.055213928222656,42.944786071777344
Latvia,2007,3526.0322265625,2.197,3.924634218,46228816935.0,2200774.0,59.24369430541992,40.75630187988281
Latvia,2008,3577.152099609375,2.388,3.764531612,44217430207.0,2177710.0,60.91081619262695,39.08918380737305
Latvia,2009,3370.6123046875,1.506,3.480879068,37590730012.0,2142044.0,63.913822174072266,36.08617401123047
Latvia,2010,3575.115966796875,0.659,4.077787399,35881177042.0,2097834.0,54.90196228027344,45.09803771972656
Latvia,2011,3558.35595703125,1.127,3.790610313,37869724459.0,2059940.0,50.57471084594727,49.42528533935547
Latvia,2012,3863.09326171875,1.381,3.695848703,40536567235.0,2034639.0,66.61264038085938,33.38735580444336
Latvia,2013,3755.581298828125,1.045,3.660572052,41350512828.0,2013004.0,56.93548583984375,43.06451797485352
Latvia,2014,3740.936767578125,2.288,3.596614599,42137028688.0,1994153.0,54.474708557128906,45.52529144287109
Latvia,2015,3721.167236328125,2.123,3.671832085,43774190659.0,1977874.0,50.18050384521485,49.81949615478516
Latvia,2016,3801.2861328125,1.907,3.679176569,44810998817.0,1959863.0,54.20560836791992,45.79439163208008
Latvia,2017,3845.36376953125,1.465,3.714261055,46295495418.0,1942599.0,72.50995635986328,27.49003791809082
Latvia,2018,3958.31884765625,2.322,4.068917751,48143398790.0,1927586.0,51.93452453613281,48.06547927856445
Lebanon,2001,2546.6142578125,1.157,3.727145433,27854825604.0,4401923.0,3.3165831565856934,96.68341827392578
Lebanon,2002,2706.393310546875,0.832,3.63923502,29771684188.0,4463505.0,5.800865650177002,94.19913482666016
Lebanon,2003,2857.134765625,0.643,4.094348431,31778515559.0,4525513.0,10.440834999084473,89.55915832519531
Lebanon,2004,2535.176513671875,0.657,3.741541147,35314011356.0,4599285.0,9.702797889709473,90.29720306396484
Lebanon,2005,2609.660888671875,0.305,3.564507723,37512383718.0,4671105.0,8.866155624389648,91.13384246826172
Lebanon,2006,2580.43017578125,0.734,3.113433361,39442140692.0,4751146.0,6.090026378631592,93.90998077392578
Lebanon,2007,2382.27001953125,0.716,2.837685585,44589675655.0,4844119.0,5.487227916717529,94.51277160644533
Lebanon,2008,2641.431884765625,0.988,3.536346197,50361558474.0,4925359.0,2.971887588500977,97.02811431884766
Lebanon,2009,2830.361572265625,0.823,4.197980404,57304677732.0,4992295.0,4.7765793800354,95.22341918945312
Lebanon,2010,3364.218017578125,2.317,3.966563225,64006241939.0,5041290.0,5.28325891494751,94.71674346923828
Lebanon,2011,3363.410400390625,0.605,3.976463079,66782067583.0,5096018.0,4.907975673675537,95.09202575683594
Lebanon,2012,3204.89453125,0.966,4.265304089,68494363923.0,5235742.0,6.075334548950195,93.92467498779295
Lebanon,2013,3363.837158203125,1.182,3.858965635,71116324024.0,5743441.0,6.702127933502197,93.29788208007812
Lebanon,2014,2853.31982421875,0.995,3.780062199,72883563855.0,6346993.0,1.168614387512207,98.83139038085938
Lebanon,2015,2921.60498046875,1.381,3.975489378,73219558993.0,6472470.0,2.682403564453125,97.31759643554688
Lebanon,2016,3080.786376953125,1.67,4.181182384,74358860056.0,6323061.0,2.215353012084961,97.7846450805664
Lebanon,2017,3535.640380859375,1.052,4.516255856,75030320802.0,6160129.0,2.25882339477539,97.74118041992188
Lebanon,2018,3557.749755859375,2.141,4.31343317,73615988520.0,5984120.0,2.208646535873413,97.79135131835938
Lesotho,2001,149.93560791015625,0.45,0.935750067,3838921434.0,2000859.0,100.0,0.0
Lesotho,2002,145.38629150390625,0.491,0.955177903,3773087839.0,1994686.0,100.0,0.0
Lesotho,2003,161.20419311523438,0.904,0.972730279,3857951274.0,1985060.0,100.0,0.0
Lesotho,2004,162.3434295654297,1.004,1.003769398,3857815847.0,1971130.0,100.0,0.0
Lesotho,2005,230.40530395507807,1.105,1.029930115,3870538474.0,1953080.0,100.0,0.0
Lesotho,2006,282.7667541503906,0.453,1.045476079,3946096482.0,1945066.0,100.0,0.0
Lesotho,2007,302.0570983886719,0.775,1.061717391,4038812448.0,1953273.0,100.0,0.0
Lesotho,2008,320.35845947265625,0.637,1.078772068,4170596962.0,1966547.0,100.0,0.0
Lesotho,2009,388.71533203125,0.402,1.119055986,4214040389.0,1980884.0,100.0,0.0
Lesotho,2010,445.8345947265625,1.211,1.139805675,4442653593.0,1996256.0,100.0,0.0
Lesotho,2011,352.5296325683594,0.293,1.369896412,4516050000.0,2014015.0,100.0,0.0
Lesotho,2012,383.4123840332031,0.699,1.372404099,4740080000.0,2034363.0,100.0,0.0
Lesotho,2013,384.1461486816406,0.745,1.033362865,4954224000.0,2056509.0,100.0,0.0
Lesotho,2014,379.79107666015625,0.69,1.078014374,5134648000.0,2080091.0,100.0,0.0
Lesotho,2015,375.3657531738281,1.236,0.971442759,5279080000.0,2104614.0,100.0,0.0
Lesotho,2016,417.7572021484375,1.74,0.951074541,5418793037.0,2130424.0,100.0,0.0
Lesotho,2017,431.1310119628906,0.902,1.059903622,5197453242.0,2157117.0,100.0,0.0
Lesotho,2018,416.7409057617188,0.69,0.991671145,5068079163.0,2183611.0,100.0,0.0
Liberia,2001,66.32744598388672,0.492,0.137216225,3200677181.0,3015343.0,0.0,100.0
Liberia,2002,64.62467956542969,0.833,0.139598027,3998735673.0,3094793.0,0.0,100.0
Liberia,2003,64.11214447021484,0.944,0.147669166,2541250362.0,3119534.0,0.0,100.0
Liberia,2004,63.35343170166016,0.895,0.171943739,2286431759.0,3156893.0,0.0,100.0
Liberia,2005,60.58740615844727,1.011,0.197082356,2369891568.0,3301016.0,0.0,100.0
Liberia,2006,57.2935905456543,1.019,0.19166711,2547129019.0,3490792.0,0.0,100.0
Liberia,2007,68.13752746582031,0.927,0.171375424,2664910191.0,3669050.0,0.0,100.0
Liberia,2008,65.42779541015625,0.984,0.138915256,2922602346.0,3821006.0,0.0,100.0
Liberia,2009,63.40293884277344,1.138,0.132381022,3108980113.0,3943035.0,0.0,100.0
Liberia,2010,61.59308624267578,1.291,0.174744025,3260614939.0,4058897.0,0.0,100.0
Liberia,2011,71.07022857666016,0.967,0.194828123,3266880000.0,4221177.0,0.0,100.0
Liberia,2012,68.6020736694336,0.733,0.209239736,3532273000.0,4373046.0,0.0,100.0
Liberia,2013,67.11040496826172,0.84,0.195574254,3819600000.0,4470246.0,0.0,100.0
Liberia,2014,65.72750854492188,0.799,0.160709456,3843632000.0,4564299.0,0.0,100.0
Liberia,2015,66.53165435791016,1.125,0.149951845,3857900000.0,4659436.0,0.0,100.0
Liberia,2016,63.08343124389648,1.359,0.135976329,3859976097.0,4755607.0,0.0,100.0
Liberia,2017,72.18091583251953,1.333,0.137631267,3977674130.0,4848927.0,0.0,100.0
Liberia,2018,82.91659545898438,1.119,0.123087056,4051631897.0,4944728.0,31.70731544494629,68.29268646240234
Libya,2001,2981.324462890625,1.237,9.829229355,54225701449.0,5403639.0,0.0,100.0
Libya,2002,3182.405517578125,0.885,9.535415649,57785797189.0,5508412.0,0.0,100.0
Libya,2003,3372.2431640625,0.959,9.873042107,70475273789.0,5619405.0,0.0,100.0
Libya,2004,3521.190673828125,0.729,9.91054821,79415538130.0,5736696.0,0.0,100.0
Libya,2005,3818.192626953125,0.695,9.555808067,94523140632.0,5858793.0,0.0,100.0
Libya,2006,4143.666015625,0.727,8.603376389,108872914713.0,5980212.0,0.0,100.0
Libya,2007,4291.99951171875,0.718,7.272135258,123716329182.0,6104381.0,0.0,100.0
Libya,2008,4589.89794921875,0.744,7.97045517,153726726038.0,6235433.0,0.0,100.0
Libya,2009,4766.9990234375,0.618,8.108885765,165559661154.0,6366689.0,0.0,100.0
Libya,2010,4998.58642578125,1.921,9.10270977,187528533215.0,6497837.0,0.0307125281542539,99.9692840576172
Libya,2011,4090.98876953125,0.686,8.440869331,79210078190.0,6343210.0,0.0384467504918575,99.96155548095705
Libya,2012,5557.23974609375,0.631,9.969773293,147985814988.0,6179327.0,0.0291630197316408,99.97083282470705
Libya,2013,6025.724609375,1.022,8.143835068,121351322417.0,6304636.0,0.026364354416728,99.9736328125
Libya,2014,5884.3115234375,1.147,10.63414288,93388346336.0,6427260.0,0.0265041086822748,99.97350311279295
Libya,2015,5742.65185546875,0.63,9.318403244,92601079752.0,6531825.0,0.026659557595849,99.9733428955078
Libya,2016,4794.83935546875,1.54,8.651652336,91220396354.0,6632130.0,0.0318268612027168,99.96817016601562
Libya,2017,4983.10498046875,0.236,9.956154823,120859728232.0,6738771.0,0.0300480779260396,99.96995544433594
Libya,2018,5059.09033203125,1.682,9.146443367,130457185445.0,6849058.0,0.0292568746954202,99.97073364257812
Lithuania,2001,2994.522216796875,1.783,3.626175642,39077069410.0,3473008.0,2.2980504035949707,18.59331512451172
Lithuania,2002,3135.842041015625,1.901,3.677654266,41716677051.0,3444051.0,2.0242912769317627,16.1943302154541
Lithuania,2003,3305.73583984375,0.175,3.706707954,46106059871.0,3415276.0,1.7534538507461548,15.993623733520508
Lithuania,2004,3423.457763671875,0.876,3.925172806,49123583277.0,3376703.0,2.2933332920074463,17.1733341217041
Lithuania,2005,3446.44482421875,1.207,4.17261982,52913078254.0,3322264.0,3.190013885498047,25.10402107238769
Lithuania,2006,3559.841064453125,0.923,4.341313362,56827410871.0,3269809.0,3.562551975250244,24.77216339111328
Lithuania,2007,3741.43798828125,2.195,4.788515568,63122228308.0,3231378.0,4.309063911437988,22.65973281860352
Lithuania,2008,3867.45947265625,2.216,4.664334774,64776249050.0,3198482.0,4.501125335693359,21.305326461791992
Lithuania,2009,3701.883056640625,1.386,4.055672169,55174536683.0,3163255.0,4.644808769226074,21.243167877197266
Lithuania,2010,3547.769287109375,0.723,4.455498695,56073777524.0,3097721.0,18.200000762939453,81.80000305175781
Lithuania,2011,3628.68896484375,0.931,4.609210491,59460372771.0,3028642.0,26.117647171020508,73.88235473632812
Lithuania,2012,3721.136962890625,1.345,4.703000546,61745948022.0,2988334.0,26.22222137451172,73.77777862548828
Lithuania,2013,3765.601318359375,0.935,4.444414616,63937849304.0,2958359.0,36.51551055908203,63.48448944091797
Lithuania,2014,3855.895263671875,2.203,4.379493237,66199372603.0,2933171.0,40.9214096069336,59.078590393066406
Lithuania,2015,3936.992919921875,2.062,4.489417553,67539660018.0,2905771.0,39.71631240844727,60.283687591552734
Lithuania,2016,4147.62890625,1.909,4.566406727,69240911932.0,2869109.0,57.85123443603516,42.14875793457031
Lithuania,2017,4326.13232421875,1.504,4.692792416,72206131673.0,2829317.0,71.06741333007812,28.93258476257324
Lithuania,2018,4478.16845703125,2.389,4.786617756,75089601435.0,2802485.0,75.34246826171875,24.657533645629883
Luxembourg,2001,14012.3232421875,1.437,20.83821487,22387796714.0,441754.0,19.54022979736328,80.45977020263672
Luxembourg,2002,14045.9501953125,1.395,22.35365105,23160273686.0,446392.0,5.357142925262451,94.64286041259766
Luxembourg,2003,14496.1220703125,1.694,23.12947845,23454191347.0,451845.0,5.017921447753906,94.98208618164062
Luxembourg,2004,14706.36328125,1.017,25.78194427,24195538088.0,458305.0,5.637982368469238,94.36202239990234
Luxembourg,2005,14203.7822265625,1.135,25.94906807,24872864640.0,465369.0,6.268656730651856,93.7313461303711
Luxembourg,2006,15014.7294921875,1.366,25.17742348,26045643731.0,472869.0,7.06214714050293,92.93785095214844
Luxembourg,2007,14887.2421875,1.952,23.5326767,28135947926.0,480277.0,8.150469779968262,91.84953308105467
Luxembourg,2008,14458.2255859375,1.289,22.83614922,27660465282.0,488995.0,10.29411792755127,89.70588684082031
Luxembourg,2009,13187.5810546875,1.189,21.31648445,26344603078.0,498196.0,8.571428298950195,91.42857360839844
Luxembourg,2010,14386.5615234375,0.325,22.05382347,27526699944.0,507418.0,8.333333969116211,91.66666412353516
Luxembourg,2011,13729.720703125,1.339,21.38425064,28143126706.0,518583.0,9.09090805053711,90.90908813476562
Luxembourg,2012,12939.046875,1.264,20.45004272,28607408843.0,530951.0,11.231884002685549,88.76811981201172
Luxembourg,2013,12477.9619140625,0.574,18.99927521,29514812514.0,543358.0,19.56521797180176,80.43478393554688
Luxembourg,2014,12223.9501953125,2.472,17.62919044,30289014849.0,556285.0,20.94240951538086,79.0575942993164
Luxembourg,2015,12185.2724609375,1.523,16.38862419,30976491415.0,569540.0,32.08955383300781,67.91044616699219
Luxembourg,2016,12150.5849609375,1.876,15.55618477,32518554202.0,583511.0,58.22784805297852,41.77215194702149
Luxembourg,2017,11869.1181640625,1.643,15.50865555,32946911821.0,596506.0,66.66667175292969,33.333335876464844
Luxembourg,2018,11708.4267578125,2.46,15.71455479,33348602359.0,608109.0,70.83333587646484,29.166667938232425
Madagascar,2001,51.66461944580078,0.705,0.102547459,20850416898.0,17032933.0,61.36363983154297,38.6363639831543
Madagascar,2002,49.00308609008789,0.757,0.070208035,18473840634.0,17549915.0,63.95348739624024,36.046512603759766
Madagascar,2003,53.12126159667969,0.754,0.094034925,20509701124.0,18071860.0,63.54166793823242,36.45833206176758
Madagascar,2004,56.43156814575195,0.511,0.096975021,21834931987.0,18606606.0,60.9523811340332,39.0476188659668
Madagascar,2005,55.32442092895508,0.668,0.090879135,23129761607.0,19159711.0,61.32075500488281,38.67924880981445
Madagascar,2006,54.229618072509766,0.839,0.084877506,24652234312.0,19730916.0,59.813079833984375,40.18691635131836
Madagascar,2007,55.1219367980957,0.771,0.085030064,26539188296.0,20318590.0,64.28571319580078,35.71428680419922
Madagascar,2008,56.39499282836914,0.566,0.085418634,28762450059.0,20923842.0,59.32203674316406,40.6779670715332
Madagascar,2009,55.22739791870117,0.936,0.078852236,27725052410.0,21547277.0,62.184871673583984,37.81512451171875
Madagascar,2010,58.6025276184082,1.211,0.084374748,28122419419.0,22183343.0,54.61538314819336,45.38461685180664
Madagascar,2011,64.41067504882812,1.139,0.102086663,28843634595.0,22822305.0,47.61904525756836,52.380950927734375
Madagascar,2012,66.4892349243164,0.932,0.1133812,29712119552.0,23462444.0,49.35897445678711,50.64102935791016
Madagascar,2013,68.43834686279297,0.837,0.126960188,30395500923.0,24109290.0,50.30303192138672,49.69696807861328
Madagascar,2014,69.45466613769531,0.863,0.119970977,31410405446.0,24764356.0,52.90697860717773,47.093021392822266
Madagascar,2015,70.39842987060547,1.216,0.122753941,32394175176.0,25426703.0,54.18994522094727,45.810054779052734
Madagascar,2016,72.79707336425781,1.187,0.124781698,33687674194.0,26099950.0,48.42105484008789,51.578948974609375
Madagascar,2017,73.91265106201172,1.435,0.141993925,35012614968.0,26788379.0,41.919189453125,58.08080673217773
Madagascar,2018,86.56141662597656,1.093,0.131095231,36130917975.0,27494930.0,43.27730941772461,56.722686767578125
Malawi,2001,104.37281799316406,0.654,0.067047715,10808318915.0,11593057.0,90.98360443115234,9.016392707824709
Malawi,2002,106.89836883544922,0.813,0.072070964,10984271331.0,11880443.0,90.625,9.375
Malawi,2003,106.71854400634766,0.983,0.075099893,11581699921.0,12181575.0,92.36641693115234,7.6335883140563965
Malawi,2004,116.79312896728516,0.702,0.072129995,12176822884.0,12500736.0,90.47618865966795,9.523809432983398
Malawi,2005,118.37974548339844,1.308,0.065834641,12535229211.0,12840034.0,89.54248809814453,10.45751667022705
Malawi,2006,118.19346618652344,0.942,0.064500906,13079496449.0,13198699.0,89.17196655273438,10.828024864196776
Malawi,2007,114.90574645996094,0.952,0.067704454,14282894527.0,13576344.0,90.5063247680664,9.493671417236328
Malawi,2008,120.2024917602539,0.389,0.071456447,15293785292.0,13976415.0,92.94117736816406,7.058823108673096
Malawi,2009,114.61685943603516,0.559,0.070687689,16486871191.0,14395788.0,92.81436920166016,7.185628890991211
Malawi,2010,128.1492156982422,1.053,0.065569371,17495879385.0,14826466.0,93.75,6.25
Malawi,2011,127.74298858642578,0.667,0.067726314,18220347468.0,15265026.0,93.90863037109376,6.091370105743408
Malawi,2012,129.2205352783203,0.782,0.06624946,18563980884.0,15709577.0,93.65853881835938,6.341463565826416
Malawi,2013,125.60469818115234,0.614,0.06931331,19529310978.0,16161816.0,93.65853881835938,6.341463565826416
Malawi,2014,129.35028076171875,0.81,0.06107204,20642483934.0,16621534.0,94.47003936767578,5.529953479766846
Malawi,2015,125.83706665039062,0.841,0.061449982,21251437245.0,17085587.0,94.00920867919922,5.990783214569092
Malawi,2016,121.31401824951172,1.066,0.066776246,21733841491.0,17557741.0,93.95348358154295,6.046511173248291
Malawi,2017,104.7688446044922,0.833,0.0661337,22603193649.0,18039714.0,100.0,0.0
Malawi,2018,96.6100845336914,0.801,0.091215521,23595927755.0,18528086.0,81.76795959472656,18.232046127319336
Malaysia,2001,3217.218505859375,0.623,5.56350708,309934494308.0,23526535.0,8.762206077575684,91.23779296875
Malaysia,2002,3354.011962890625,0.726,5.478077412,329700338274.0,24102477.0,7.1843695640563965,92.81562042236328
Malaysia,2003,3367.55810546875,0.755,6.215023994,350966698067.0,24679604.0,6.613852500915527,93.38615417480467
Malaysia,2004,3782.747802734375,0.683,6.717976093,377079435469.0,25256773.0,6.402248859405518,93.5977554321289
Malaysia,2005,3735.861572265625,0.883,6.579107761,399781035415.0,25836075.0,6.683544158935547,93.31645965576172
Malaysia,2006,3848.525634765625,0.623,6.441329002,426608936099.0,26417909.0,6.673718929290772,93.32628631591795
Malaysia,2007,3936.902587890625,0.673,6.498702049,458125848157.0,26998383.0,6.190695285797119,93.8093032836914
Malaysia,2008,4111.34521484375,0.512,6.994801998,485245105845.0,27570052.0,7.563910484313965,92.43608856201172
Malaysia,2009,4125.18798828125,0.742,6.831084251,483081319364.0,28124779.0,7.131168365478516,92.86883544921876
Malaysia,2010,4358.2841796875,0.968,6.956587791,525056610488.0,28655772.0,6.09404993057251,93.90594482421876
Malaysia,2011,4369.72265625,0.576,6.976631641,557469657636.0,29162034.0,7.554891109466553,92.44510650634766
Malaysia,2012,4523.16845703125,0.721,7.18048811,587985572583.0,29662835.0,8.025059700012207,91.97493743896484
Malaysia,2013,4678.158203125,0.958,8.009178162,615585637854.0,30174269.0,9.250194549560549,90.7498016357422
Malaysia,2014,4804.513671875,0.95,7.983200073,652563833807.0,30696133.0,9.703668594360352,90.29633331298828
Malaysia,2015,4806.48583984375,1.139,7.554295063,685237676618.0,31232796.0,9.9527006149292,90.04729461669922
Malaysia,2016,4906.9365234375,1.558,7.464491367,715730748101.0,31789692.0,13.463134765625,86.536865234375
Malaysia,2017,4930.20654296875,1.11,7.555315495,757336192678.0,32355642.0,17.392929077148438,82.60707092285156
Malaysia,2018,5137.8017578125,1.078,7.980534554,794013962862.0,32910963.0,16.596317291259766,83.4036865234375
Mali,2001,89.82416534423828,0.622,0.097504385,14257391001.0,11912162.0,26.168222427368164,73.83177185058594
Mali,2002,74.0556869506836,1.248,0.09839803,14544531770.0,12288051.0,26.12612533569336,73.87387084960938
Mali,2003,55.18349838256836,1.252,0.098207712,15730792757.0,12684951.0,25.2252254486084,74.77477264404297
Mali,2004,68.68962860107422,1.243,0.107942238,15828925288.0,13102415.0,23.80952453613281,76.19047546386719
Mali,2005,80.51025390625,1.448,0.107711792,16700213321.0,13538648.0,33.55704498291016,66.44295501708984
Mali,2006,86.48947143554688,1.159,0.109735548,17320423242.0,13990143.0,33.757957458496094,66.24203491210938
Mali,2007,91.30035400390624,1.015,0.123419262,17779653731.0,14457776.0,32.9113883972168,67.0886001586914
Mali,2008,99.05770874023438,0.631,0.130955353,18486110807.0,14940786.0,34.254146575927734,65.74586486816406
Mali,2009,84.86909484863281,1.038,0.122247778,19186286887.0,15435536.0,46.15385055541992,53.846153259277344
Mali,2010,122.9209976196289,1.71,0.130978599,20054729287.0,15945201.0,49.15254211425781,50.84746170043945
Mali,2011,146.9422607421875,1.285,0.138381228,20518694824.0,16469054.0,56.48147964477539,43.518516540527344
Mali,2012,109.68896484375,0.534,0.143690184,20347159384.0,16957039.0,57.142860412597656,42.85714340209961
Mali,2013,120.27753448486328,1.101,0.157127947,20814126326.0,17459619.0,54.090911865234375,45.909088134765625
Mali,2014,125.41434478759766,0.965,0.174210131,22288805151.0,18020267.0,58.16733169555664,41.83266830444336
Mali,2015,141.98875427246094,1.183,0.182816058,23664472662.0,18593022.0,48.20717239379883,51.79282760620117
Mali,2016,139.1255645751953,1.264,0.223338991,25049317347.0,19191298.0,51.98675537109375,48.01324844360352
Mali,2017,161.00527954101562,1.522,0.240576744,26378184458.0,19813016.0,45.63953399658203,54.36046600341797
Mali,2018,170.23748779296875,1.192,0.254295915,27630093375.0,20442031.0,40.16620635986328,59.833797454833984
Malta,2001,4816.4296875,1.576,6.794090271,8019470830.0,402788.0,0.0,100.0
Malta,2002,5054.60205078125,0.846,6.773783207,8259626928.0,405571.0,0.0,100.0
Malta,2003,5487.0224609375,1.327,7.252826691,8473515195.0,408236.0,0.0,100.0
Malta,2004,5404.08984375,0.631,6.935496807,8512522890.0,410800.0,0.0,100.0
Malta,2005,5419.47705078125,0.628,6.410975456,8839849182.0,413324.0,0.0,100.0
Malta,2006,5439.71435546875,0.912,6.391305447,9004655302.0,415463.0,0.0,100.0
Malta,2007,5512.93017578125,1.326,6.538335323,9368888474.0,417201.0,0.0,100.0
Malta,2008,5513.5341796875,1.169,6.495198727,9685986656.0,418969.0,0.0,100.0
Malta,2009,5156.84423828125,0.934,6.085703373,9450779381.0,420800.0,0.0,100.0
Malta,2010,4992.2626953125,1.153,6.197170734,9788869399.0,422654.0,0.0,100.0
Malta,2011,5110.271484375,0.887,6.142206669,9930574943.0,424635.0,0.0,100.0
Malta,2012,5391.26513671875,1.399,6.443872452,10339580228.0,426616.0,1.3043478727340698,98.6956558227539
Malta,2013,5274.74169921875,1.325,5.670690536,10905471410.0,428457.0,1.769911527633667,98.23008728027344
Malta,2014,5178.4375,1.46,5.563529015,11737898948.0,434494.0,3.555555582046509,96.44445037841795
Malta,2015,5281.15966796875,1.457,3.814723492,12865695938.0,444978.0,7.692307949066162,92.30770111083984
Malta,2016,5249.56298828125,1.691,3.022076607,13300698899.0,455276.0,16.279069900512695,83.72093200683594
Malta,2017,5364.37109375,1.254,3.285316229,14746505042.0,467902.0,10.303030967712402,89.69697570800781
Malta,2018,5345.05517578125,1.521,3.194037914,15659758064.0,484560.0,10.152284622192385,89.84770965576172
Mauritania,2001,175.45391845703125,1.254,0.437694073,5040767611.0,2678766.0,6.382978439331055,93.61701965332033
Mauritania,2002,193.52536010742188,1.251,0.456217438,5178324094.0,2738659.0,5.660377502441406,94.33963012695312
Mauritania,2003,206.9913024902344,1.265,0.458972543,5603753283.0,2802050.0,8.0,92.0
Mauritania,2004,212.6420288085937,1.399,0.482799172,6050710140.0,2868671.0,7.407406806945801,92.59259033203124
Mauritania,2005,224.5615997314453,1.295,0.487800181,6728916707.0,2939060.0,9.43396282196045,90.5660400390625
Mauritania,2006,248.86691284179688,1.349,0.514350832,8166141817.0,3013659.0,8.064516067504883,91.93547821044922
Mauritania,2007,232.77882385253903,0.96,0.56823957,8570478345.0,3093065.0,7.812500476837158,92.1875
Mauritania,2008,257.59625244140625,1.211,0.575121999,8846256694.0,3183276.0,8.333333015441895,91.66666412353516
Mauritania,2009,267.9288635253906,0.88,0.612673581,8935093258.0,3284454.0,14.285714149475098,85.71429443359375
Mauritania,2010,286.05401611328125,1.937,0.617381215,9559709837.0,3390968.0,14.117646217346191,85.88235473632812
Mauritania,2011,285.4848327636719,1.578,0.635653973,10187328000.0,3502813.0,14.942527770996094,85.0574722290039
Mauritania,2012,303.94842529296875,0.852,0.676304877,10792467000.0,3619035.0,14.583333969116213,85.41666412353516
Mauritania,2013,307.9539794921875,1.409,0.580789208,11410722000.0,3734324.0,21.42856979370117,78.57142639160156
Mauritania,2014,314.4073181152344,1.319,0.665905833,12165303000.0,3848511.0,21.359224319458008,78.64077758789062
Mauritania,2015,337.8754272460937,1.341,0.757064283,12316128000.0,3965959.0,27.586206436157227,72.4137954711914
Mauritania,2016,337.6844787597656,1.651,0.642055929,12416318727.0,4086655.0,25.0,75.0
Mauritania,2017,365.7433166503906,2.07,0.850504577,13137043588.0,4210603.0,24.44444465637207,75.55554962158203
Mauritania,2018,382.6925964355469,1.115,1.024609208,13699199188.0,4337685.0,30.1369857788086,69.8630142211914
Mauritius,2001,1566.3150634765625,0.577,2.334449053,17203931989.0,1225807.0,28.64583396911621,71.35417175292969
Mauritius,2002,1588.21484375,0.479,2.336594582,17186721600.0,1234090.0,27.55102157592773,72.448974609375
Mauritius,2003,1682.642333984375,0.768,2.463130713,17869390349.0,1242094.0,27.2727279663086,72.7272720336914
Mauritius,2004,1728.2779541015625,0.344,2.471399069,18313509621.0,1249799.0,27.31481170654297,72.68518829345703
Mauritius,2005,1797.6241455078125,0.436,2.620026112,18306765429.0,1257215.0,24.77876091003418,75.22124481201172
Mauritius,2006,1867.4061279296875,0.28,2.870234966,18846649433.0,1263785.0,22.45762634277344,77.5423812866211
Mauritius,2007,1937.7371826171875,0.53,2.903442383,19573401107.0,1269522.0,22.357723236083984,77.64227294921875
Mauritius,2008,2008.4180908203125,0.351,2.955035686,20249055784.0,1274635.0,23.43750190734864,76.5625
Mauritius,2009,2009.4200439453125,0.831,2.899169445,20448211941.0,1278976.0,23.735408782958984,76.26459503173828
Mauritius,2010,2097.12255859375,0.95,3.050691128,20850923367.0,1282710.0,24.16356658935547,75.83642578125
Mauritius,2011,2122.416015625,0.791,3.045096397,21190874379.0,1286270.0,19.78022003173828,80.21977996826172
Mauritius,2012,2164.176513671875,0.545,3.075184584,21931705213.0,1289174.0,20.43010711669922,79.56989288330078
Mauritius,2013,2215.357421875,0.693,3.150331259,22668609990.0,1290988.0,20.279720306396484,79.72028350830078
Mauritius,2014,2275.53125,0.768,3.255613327,23536142578.0,1292006.0,20.40816307067871,79.59183502197266
Mauritius,2015,2313.734619140625,1.06,3.25775075,24404852680.0,1292283.0,22.742475509643555,77.25752258300781
Mauritius,2016,2361.03369140625,0.908,3.361059427,25347373765.0,1291807.0,21.967214584350582,78.03279113769531
Mauritius,2017,2409.631103515625,1.122,3.517360926,26345551590.0,1290654.0,19.935691833496094,80.0643081665039
Mauritius,2018,2420.788818359375,0.926,3.456936359,27401224769.0,1288836.0,20.51282119750977,79.4871826171875
Mexico,2001,2100.71826171875,0.508,4.070812702,1251502726420.0,100099101.0,16.51603126525879,79.3311767578125
Mexico,2002,2126.370361328125,0.683,4.040439129,1275458026881.0,101548627.0,14.351272583007812,81.12919616699219
Mexico,2003,2175.502197265625,0.829,4.233588696,1306677417369.0,102978517.0,11.929746627807615,83.40151977539062
Mexico,2004,2242.65478515625,0.313,4.201274872,1373060298988.0,104394131.0,13.794129371643066,82.30171203613281
Mexico,2005,2327.72412109375,0.736,4.379821777,1427140428046.0,105811504.0,14.46949291229248,81.17514038085938
Mexico,2006,2381.92333984375,0.863,4.424301624,1510732401129.0,107253666.0,14.829268455505373,80.92877960205078
Mexico,2007,2409.4833984375,0.431,4.353923798,1572479287017.0,108774356.0,13.617714881896973,82.4242172241211
Mexico,2008,2429.8232421875,0.503,4.285248756,1607479004533.0,110374286.0,17.598127365112305,78.7626724243164
Mexico,2009,2382.684326171875,0.992,4.109744072,1543820957956.0,111999720.0,13.03406047821045,83.04451751708984
Mexico,2010,2416.921142578125,0.25,4.016839504,1638271507559.0,113623898.0,16.863229751586914,81.00301361083984
Mexico,2011,2528.992919921875,0.974,4.193742752,1716088331953.0,115243503.0,15.721376419067385,80.82492065429688
Mexico,2012,2546.26416015625,0.881,4.292929173,1774999946047.0,116818208.0,14.528155326843262,82.51290130615234
Mexico,2013,2510.402587890625,0.707,4.186214447,1803059285337.0,118343572.0,13.50296115875244,82.52558135986328
Mexico,2014,2527.8779296875,0.858,4.040968895,1854551091374.0,119784265.0,17.683712005615234,79.12504577636719
Mexico,2015,2557.892822265625,1.072,3.959895849,1916008739051.0,121072310.0,15.543241500854492,80.7256088256836
Mexico,2016,2622.5478515625,1.266,3.916748285,1961906742138.0,122251344.0,15.28952693939209,81.41094970703125
Mexico,2017,2669.69091796875,1.526,3.763423204,2007719438156.0,123400052.0,15.430429458618164,81.26348114013672
Mexico,2018,2813.916259765625,1.125,3.760188103,2051539127317.0,124573713.0,15.81493854522705,80.3057632446289
Mongolia,2001,1271.33837890625,1.704,3.149673223,7799420655.0,2477704.0,0.0,100.0
Mongolia,2002,1295.961669921875,1.801,3.278529882,8569503317.0,2500074.0,0.0,100.0
Mongolia,2003,1296.688232421875,0.517,3.146390438,9616040556.0,2521809.0,0.0,100.0
Mongolia,2004,1352.8388671875,1.785,3.343203068,11156311740.0,2542801.0,0.0,100.0
Mongolia,2005,1388.7447509765625,0.944,3.32171607,12547451302.0,2563466.0,0.0,100.0
Mongolia,2006,1450.8111572265625,1.244,3.590728998,14288905306.0,2584761.0,0.0,100.0
Mongolia,2007,1499.2469482421875,2.752,4.585100651,16520107221.0,2607976.0,0.0,100.0
Mongolia,2008,1586.6802978515625,1.788,4.523857594,18865759800.0,2634431.0,0.25,99.75
Mongolia,2009,1568.2843017578125,1.418,4.888712406,19534582355.0,2665333.0,0.7425742745399475,99.25743103027344
Mongolia,2010,1687.8017578125,0.323,5.097588062,21791068014.0,2701739.0,1.1574074029922483,98.84259033203124
Mongolia,2011,1744.87451171875,0.777,7.783756256,26811268000.0,2745183.0,1.3215858936309814,98.67841339111328
Mongolia,2012,1842.2708740234373,0.254,12.51892948,30114910000.0,2795463.0,1.247401237487793,98.75260162353516
Mongolia,2013,2173.9990234375,1.039,15.24536037,33619040000.0,2851887.0,2.3904383182525635,97.60956573486328
Mongolia,2014,2300.001953125,1.896,10.17142773,36271699000.0,2913041.0,3.9033455848693848,96.0966567993164
Mongolia,2015,2311.41796875,2.143,7.820734978,37107214000.0,2976528.0,3.992740392684937,96.00725555419922
Mongolia,2016,2328.3232421875,1.409,8.428370476,37322351698.0,3040815.0,4.409171104431152,95.59082794189452
Mongolia,2017,2441.718505859375,2.518,10.99707127,39053686549.0,3104371.0,4.145936965942383,95.85406494140624
Mongolia,2018,2591.7744140625,2.234,14.30662823,41646694213.0,3167714.0,6.697107791900635,93.30289459228516
Morocco,2001,594.8363647460938,1.691,1.277438164,146692867628.0,28814646.0,6.858974456787109,93.14102172851562
Morocco,2002,564.076904296875,1.062,1.277804255,151385794465.0,29198146.0,6.821191787719727,93.17880249023438
Morocco,2003,600.5800170898438,1.556,1.236671448,160559931983.0,29571415.0,10.03671932220459,89.9632797241211
Morocco,2004,634.32666015625,1.01,1.409726143,168466885680.0,29953021.0,10.246136665344238,89.75386810302734
Morocco,2005,661.1076049804688,1.16,1.471129775,174390745088.0,30358145.0,8.515056610107422,91.48494720458984
Morocco,2006,711.7048950195312,1.359,1.503010869,188101125607.0,30771179.0,8.95822811126709,91.0417709350586
Morocco,2007,743.9124145507812,0.896,1.568395495,195286744421.0,31186468.0,8.176739692687988,91.82325744628906
Morocco,2008,778.6306762695312,1.039,1.625358343,207385199268.0,31606769.0,8.206387519836426,91.79360961914062
Morocco,2009,797.6702270507812,1.137,1.587839365,216763299753.0,32030779.0,15.95795440673828,84.04204559326172
Morocco,2010,825.1453247070312,2.009,1.674475193,225643836837.0,32467009.0,18.77461624145508,81.22537994384766
Morocco,2011,880.2103881835938,1.683,1.667071581,238103276789.0,32912585.0,11.61740493774414,88.3825912475586
Morocco,2012,939.8821411132812,1.287,1.707483768,245270189355.0,33355246.0,9.619011878967283,90.3809814453125
Morocco,2013,957.1566772460938,1.197,1.67536211,256393198875.0,33787573.0,16.146991729736328,83.8530044555664
Morocco,2014,996.6442260742188,1.631,1.671547294,263251716082.0,34204784.0,14.102563858032228,85.8974380493164
Morocco,2015,1007.8713989257812,1.166,1.690347075,274689990243.0,34607590.0,16.08157730102539,83.91842651367188
Morocco,2016,1028.4534912109375,1.788,1.66909492,276121131010.0,35023459.0,16.488500595092773,83.5114974975586
Morocco,2017,1067.5274658203125,2.095,1.723835826,290087315215.0,35446395.0,15.842204093933104,84.15779113769531
Morocco,2018,1058.32177734375,0.541,1.738709569,298981397583.0,35839760.0,19.820600509643555,80.17938995361328
Mozambique,2001,333.9135131835937,0.512,0.083828688,20943673338.0,18537735.0,99.6598663330078,0.3401360511779785
Mozambique,2002,327.0328674316406,0.618,0.081075512,21025370393.0,18958338.0,99.76152801513672,0.2384737581014633
Mozambique,2003,438.8299865722656,0.606,0.095682308,20673806269.0,19392477.0,99.7219696044922,0.2780352234840393
Mozambique,2004,527.7135009765625,0.364,0.093948774,20561725686.0,19840312.0,99.56896209716795,0.4310344755649566
Mozambique,2005,528.9447631835938,1.003,0.087157592,20658231192.0,20304577.0,99.84791564941406,0.1520912498235702
Mozambique,2006,558.0387573242188,0.523,0.092154421,20951970966.0,20787088.0,99.8629150390625,0.1370801925659179
Mozambique,2007,569.8142700195312,0.628,0.102826953,20803537606.0,21287638.0,99.93714141845705,0.0628535524010658
Mozambique,2008,548.1452026367188,0.283,0.099905968,20553356220.0,21819037.0,99.93319702148438,0.0668002665042877
Mozambique,2009,555.1151733398438,0.474,0.108924307,20249940482.0,22391751.0,99.94043731689452,0.0595592558383941
Mozambique,2010,570.8886108398438,0.962,0.114683606,20039610112.0,22999234.0,99.88002014160156,0.1199759989976883
Mozambique,2011,577.6131591796875,0.718,0.131363779,19919625683.0,23649045.0,99.33694458007812,0.6630499958992004
Mozambique,2012,564.552734375,0.715,0.125390783,21365393250.0,24337849.0,99.26519012451172,0.7348029017448425
Mozambique,2013,567.6281127929688,0.438,0.142851636,22853277292.0,25051613.0,98.58776092529295,1.4122394323349
Mozambique,2014,558.3889770507812,0.633,0.314808339,24544192952.0,25788473.0,98.65853881835938,1.3414634466171265
Mozambique,2015,568.0368041992188,0.93,0.25352782,26194296097.0,26547576.0,92.98150634765624,7.018498420715332
Mozambique,2016,568.09228515625,1.108,0.31267935,27195969056.0,27337107.0,82.71473693847656,17.285259246826172
Mozambique,2017,565.2125244140625,0.78,0.245163128,28213368238.0,28166397.0,80.49887084960938,19.501134872436523
Mozambique,2018,542.0652465820312,0.68,0.241572812,29185036688.0,29018647.0,81.7969741821289,18.203033447265625
Myanmar,2001,102.02935791015624,0.592,0.193477899,92175090616.0,45771140.0,38.54389572143555,61.45610046386719
Myanmar,2002,109.66275024414062,0.626,0.2017636,101591501239.0,46232656.0,41.61735534667969,58.38264083862305
Myanmar,2003,116.1415557861328,0.623,0.214221552,113781428684.0,46667191.0,38.37638092041016,61.62361526489258
Myanmar,2004,119.18728637695312,0.551,0.266960144,127115611447.0,47068779.0,42.95900344848633,57.04099655151367
Myanmar,2005,126.9015121459961,0.914,0.243426636,142039114248.0,47438362.0,49.83388900756836,50.16611099243164
Myanmar,2006,129.3289031982422,0.789,0.268223941,158028614076.0,47785141.0,53.88349533081055,46.11650466918945
Myanmar,2007,132.9868927001953,0.489,0.266903073,174123352808.0,48125047.0,56.562496185302734,43.4375
Myanmar,2008,136.80288696289062,0.495,0.201940417,177512910900.0,48390790.0,61.48036575317383,38.51963806152344
Myanmar,2009,143.23744201660156,0.93,0.209839031,183291522878.0,48660458.0,75.46629333496094,24.53371810913086
Myanmar,2010,175.83090209960938,1.228,0.267727762,189724140707.0,49024376.0,71.80974578857422,28.19025611877441
Myanmar,2011,211.0489196777344,0.512,0.305990905,197359087812.0,49419825.0,72.0997085571289,27.900287628173828
Myanmar,2012,223.927978515625,0.952,0.237285227,210159799971.0,49837451.0,71.32616424560547,28.67383575439453
Myanmar,2013,247.8977508544922,0.991,0.252967566,226760324221.0,50262658.0,72.55216979980469,27.44783401489257
Myanmar,2014,283.9292907714844,0.81,0.312723666,245354667120.0,50681635.0,62.960391998291016,37.03960800170898
Myanmar,2015,317.0933532714844,1.192,0.428268135,263690038660.0,51089060.0,59.50617218017578,40.49382400512695
Myanmar,2016,305.6565856933594,1.418,0.410598963,280587266112.0,51495701.0,55.1876335144043,44.81235885620117
Myanmar,2017,378.6496276855469,1.339,0.455408752,296721043920.0,51894939.0,53.326995849609375,46.67300033569336
Myanmar,2018,386.6296081542969,1.12,0.650762856,315726037240.0,52272250.0,58.179298400878906,41.82070541381836
Namibia,2001,1190.0537109375,0.306,1.201564431,11455708939.0,1857059.0,100.0,0.0
Namibia,2002,1227.52880859375,0.801,1.042993188,12021866961.0,1889976.0,99.30069732666016,0.6993007063865662
Namibia,2003,1262.0804443359375,1.144,1.09109664,12213390181.0,1917469.0,99.30069732666016,0.6993007063865662
Namibia,2004,1503.5372314453125,0.821,1.152731061,13656396271.0,1942087.0,99.27536010742188,0.7246376872062683
Namibia,2005,1708.5489501953125,0.661,1.287424207,14023333339.0,1966581.0,98.22484588623048,1.775147795677185
Namibia,2006,1767.1658935546875,-0.173,1.267387271,15035738461.0,1991890.0,93.788818359375,6.211180210113525
Namibia,2007,1773.500244140625,1.028,1.152596831,15866803390.0,2018607.0,98.08916473388672,1.910827875137329
Namibia,2008,1792.81591796875,0.677,1.396110177,16311345821.0,2047059.0,88.53502655029297,11.46496868133545
Namibia,2009,1713.6805419921875,0.52,1.280477524,16383138236.0,2077400.0,94.66666412353516,5.333333015441895
Namibia,2010,1748.968505859375,1.202,1.321586967,17398594185.0,2109815.0,96.18321228027344,3.8167941570281982
Namibia,2011,1793.7586669921875,-0.48,1.297818899,18309342330.0,2146331.0,97.24137115478516,2.758620500564575
Namibia,2012,1868.17431640625,-0.142,1.455382586,19236166518.0,2194656.0,97.00598907470705,2.9940121173858643
Namibia,2013,1851.2723388671875,0.727,1.333512664,20316276333.0,2252505.0,95.55554962158205,4.444444179534912
Namibia,2014,1872.7215576171875,0.377,1.340375185,21554146363.0,2312143.0,99.34640502929688,0.6535947918891907
Namibia,2015,1756.303466796875,1.179,1.429327726,22473214767.0,2374305.0,97.46834564208984,2.531645536422729
Namibia,2016,1824.3543701171875,1.433,1.468586445,22480856444.0,2439219.0,95.94593811035156,4.054053783416748
Namibia,2017,1826.9910888671875,0.728,1.431917906,22249978012.0,2506854.0,96.04520416259766,3.95480227470398
Namibia,2018,1796.4349365234375,1.006,1.410390258,22485828408.0,2577327.0,98.58155822753906,1.4184397459030151
Nepal,2001,77.765625,0.525,0.129719391,41523111510.0,24946755.0,98.9189224243164,1.0810810327529907
Nepal,2002,81.3297348022461,0.619,0.102506384,41501458057.0,25328989.0,100.0,0.0
Nepal,2003,85.64056396484375,0.364,0.109401263,43073954586.0,25688762.0,100.0,0.0
Nepal,2004,96.8610382080078,0.462,0.099259891,45033771388.0,26016652.0,99.5815887451172,0.4184100031852722
Nepal,2005,101.86449432373048,0.839,0.113524631,46375899545.0,26309462.0,99.20318603515624,0.7968127131462097
Nepal,2006,111.79943084716795,0.969,0.092468634,48016624917.0,26565430.0,99.63235473632812,0.3676470518112182
Nepal,2007,117.21449279785156,0.622,0.095949426,49595508764.0,26788498.0,99.63899230957033,0.3610108196735382
Nepal,2008,114.8572006225586,0.458,0.124316841,52545963062.0,26990036.0,99.6415786743164,0.3584229350090027
Nepal,2009,133.95632934570312,1.234,0.151846468,54837737569.0,27173035.0,99.67532348632812,0.3246753215789795
Nepal,2010,140.44349670410156,1.261,0.176577285,57388251486.0,27341955.0,100.0,0.0
Nepal,2011,152.9246826171875,0.33,0.189945757,59280309000.0,27464499.0,100.0,0.0
Nepal,2012,156.89170837402344,0.52,0.198666051,62106290000.0,27534916.0,99.43342590332033,0.5665722489356995
Nepal,2013,174.7010040283203,0.289,0.225365743,64655772000.0,27589997.0,99.71428680419922,0.2857142686843872
Nepal,2014,186.8289337158203,0.425,0.274196565,68540931000.0,27672373.0,100.0,0.0
Nepal,2015,187.9697113037109,0.771,0.248157799,70404490000.0,27823631.0,100.0,0.0
Nepal,2016,227.14694213867188,1.32,0.360861301,70942615519.0,27955471.0,100.0,0.0
Nepal,2017,255.61151123046875,1.292,0.443449557,77349484140.0,28011258.0,100.0,0.0
Nepal,2018,271.3705444335937,0.785,0.499969661,83234791901.0,28079688.0,100.0,0.0
New Zealand,2001,10093.111328125,0.584,8.827947617,107226686179.0,3891763.0,63.64562225341797,36.35437774658203
New Zealand,2002,10176.87109375,0.43,8.736571312,112775904669.0,3951116.0,69.6344223022461,30.36558151245117
New Zealand,2003,10035.8349609375,0.243,9.004052162,118221542739.0,4022585.0,66.08868408203125,33.911319732666016
New Zealand,2004,10350.3701171875,0.037,8.767515182,123732222489.0,4083912.0,72.39176940917969,27.608232498168945
New Zealand,2005,10273.271484375,0.442,9.04503727,127087212440.0,4135002.0,64.40678405761719,35.59321975708008
New Zealand,2006,10291.8671875,0.399,8.920357704,130823651084.0,4181943.0,64.77694702148438,35.223045349121094
New Zealand,2007,10271.662109375,0.213,8.614808083,136252900902.0,4223270.0,65.49100494384766,34.50899124145508
New Zealand,2008,10181.0986328125,0.541,8.795645714,135932629621.0,4261819.0,64.23139190673828,35.768611907958984
New Zealand,2009,9978.384765625,0.058,8.037122726,136500728040.0,4304304.0,71.6880111694336,28.31199073791504
New Zealand,2010,10191.44140625,0.597,8.001102448,139478805582.0,4347766.0,73.1211929321289,26.878807067871094
New Zealand,2011,10007.5322265625,0.668,7.8127985,142521900112.0,4382699.0,75.9917984008789,24.008207321166992
New Zealand,2012,9916.8525390625,0.118,8.141622543,146280651356.0,4411682.0,71.72571563720703,28.2742862701416
New Zealand,2013,9587.1962890625,0.971,7.907575607,149512485774.0,4453857.0,74.1920394897461,25.80796241760254
New Zealand,2014,9489.3271484375,0.483,7.82655859,154422989929.0,4522976.0,79.10065460205078,20.899349212646484
New Zealand,2015,9442.927734375,0.501,7.760039806,160782215776.0,4614035.0,80.07803344726562,19.921964645385746
New Zealand,2016,9152.0947265625,1.147,7.240007401,167418113760.0,4714768.0,84.3337173461914,15.66628074645996
New Zealand,2017,9071.73828125,0.549,7.409749508,174187918857.0,4812749.0,81.218505859375,18.781492233276367
New Zealand,2018,8922.9599609375,1.078,7.281771183,181445758308.0,4900840.0,83.39813232421875,16.60187530517578
Nicaragua,2001,489.4034423828125,0.34,0.768397212,14579899402.0,5087827.0,19.83805656433105,80.16194152832031
Nicaragua,2002,497.0956726074219,0.629,0.771971941,14954188068.0,5149914.0,25.098039627075195,74.90196228027344
Nicaragua,2003,516.2186889648438,0.937,0.827183068,15599450900.0,5210970.0,27.40740776062012,72.59259033203125
Nicaragua,2004,532.9126586914062,0.79,0.827295899,16722815302.0,5272909.0,28.113880157470703,71.88612365722656
Nicaragua,2005,539.113037109375,0.901,0.796162844,17753885555.0,5342108.0,35.664337158203125,64.3356704711914
Nicaragua,2006,584.9942016601562,0.856,0.813194156,18819405708.0,5418857.0,30.03194808959961,69.96804809570312
Nicaragua,2007,593.0241088867188,0.971,0.825834453,20171035929.0,5497247.0,28.75,71.25
Nicaragua,2008,607.8976440429688,0.473,0.78063035,21118480099.0,5576597.0,35.41666793823242,64.58333587646484
Nicaragua,2009,609.9067993164062,0.975,0.783532381,20900358446.0,5656602.0,30.72463607788086,69.2753677368164
Nicaragua,2010,630.9421997070312,0.877,0.776139617,21950676457.0,5737451.0,36.71232986450195,63.28766632080078
Nicaragua,2011,649.5904541015625,0.589,0.822909772,23734874000.0,5819051.0,33.85826873779297,66.14173126220703
Nicaragua,2012,686.2906494140625,0.686,0.768278778,25065728000.0,5901290.0,42.67990112304688,57.32009506225586
Nicaragua,2013,703.5601806640625,1.037,0.766342819,26206803000.0,5983852.0,52.27817916870117,47.72182083129883
Nicaragua,2014,730.2406616210938,0.997,0.778009295,27402565000.0,6066493.0,53.81166076660156,46.18833923339844
Nicaragua,2015,748.0383911132812,1.254,0.879470825,28748328000.0,6149417.0,50.10892868041992,49.89106369018555
Nicaragua,2016,766.9273071289062,1.363,0.862959087,29929662026.0,6232664.0,52.28758239746094,47.71241760253906
Nicaragua,2017,767.8624877929688,0.968,0.86140269,31179621906.0,6316235.0,55.97344970703125,44.02655029296875
Nicaragua,2018,757.8037109375,0.985,0.809050202,30002714290.0,6400074.0,58.70967483520508,41.290321350097656
Niger,2001,33.55522155761719,0.2,0.054205693,8079568499.0,11920648.0,0.0,100.0
Niger,2002,32.390892028808594,0.575,0.055441953,8506710068.0,12349150.0,0.0,100.0
Niger,2003,33.601680755615234,0.812,0.05811559,9108500707.0,12796979.0,0.0,100.0
Niger,2004,36.93696594238281,0.641,0.05995699,9044074242.0,13265843.0,0.0,100.0
Niger,2005,41.43588638305664,1.204,0.050255112,9809322645.0,13756192.0,0.0,100.0
Niger,2006,39.94790649414063,1.22,0.04702387,10382568329.0,14268583.0,0.0,100.0
Niger,2007,45.25925064086914,0.932,0.04768312,10716181753.0,14803604.0,0.0,100.0
Niger,2008,44.26529693603516,0.38,0.051559046,11762875984.0,15361921.0,0.0,100.0
Niger,2009,49.5494384765625,1.471,0.059721623,11700248745.0,15943673.0,0.0,100.0
Niger,2010,50.75886535644531,1.664,0.070094429,12694118605.0,16548833.0,0.0,100.0
Niger,2011,55.30881118774414,1.065,0.076444171,12994344552.0,17176286.0,0.0,100.0
Niger,2012,57.745880126953125,0.699,0.103820033,14364207370.0,17836770.0,0.0,100.0
Niger,2013,56.15581130981445,0.919,0.112223126,15127089342.0,18519899.0,0.0,100.0
Niger,2014,61.40742492675781,1.099,0.117416203,16132130068.0,19215917.0,2.222222328186035,97.77777862548828
Niger,2015,66.20027160644531,0.904,0.110272095,16840818422.0,19939496.0,1.8518517017364504,98.14813995361328
Niger,2016,71.54681396484375,1.042,0.10352625,17807651308.0,20685758.0,1.4285714626312256,98.57142639160156
Niger,2017,65.77888488769531,0.869,0.10461656,18698209711.0,21435449.0,1.7857142686843872,98.21428680419922
Niger,2018,68.5052719116211,1.081,0.081278302,20008393727.0,22188074.0,1.886792540550232,98.11321258544922
Nigeria,2001,118.8948974609375,0.263,0.771724522,293371700731.0,129862594.0,38.267616271972656,61.732383728027344
Nigeria,2002,161.23233032226562,0.78,0.673596799,344836483316.0,133471995.0,38.23666000366211,61.76334381103516
Nigeria,2003,146.93594360351562,0.83,0.729065299,387284228400.0,137202646.0,36.93069076538086,63.06930160522461
Nigeria,2004,172.0580596923828,0.758,0.673215866,438814816180.0,141057045.0,33.42939376831055,66.57060241699219
Nigeria,2005,162.3944549560547,1.176,0.701061606,481797619872.0,145017256.0,33.036094665527344,66.96391296386719
Nigeria,2006,155.08729553222656,1.201,0.60436517,527631752471.0,149077335.0,27.11937522888184,72.88062286376953
Nigeria,2007,149.99942016601562,0.831,0.536122561,581001445796.0,153267254.0,27.142234802246094,72.8577651977539
Nigeria,2008,134.014404296875,0.603,0.548804522,638908028616.0,157595014.0,27.13068008422852,72.86931610107422
Nigeria,2009,122.12320709228516,1.314,0.475357175,709931188516.0,162049466.0,22.94087791442871,77.05912017822266
Nigeria,2010,156.8023681640625,1.453,0.672394753,809999411809.0,166642888.0,24.416379928588867,75.58362579345703
Nigeria,2011,157.77841186523438,0.876,0.735883832,871103799000.0,171379602.0,21.782543182373047,78.21745300292969
Nigeria,2012,163.10952758789062,0.553,0.624995232,908380661120.0,176200627.0,19.79819107055664,80.2018051147461
Nigeria,2013,159.7906036376953,0.947,0.648446023,957382666012.0,181049440.0,18.56204605102539,81.43795013427734
Nigeria,2014,173.64462280273438,1.038,0.666881621,1017790765613.0,185896917.0,16.69764518737793,83.30235290527344
Nigeria,2015,173.96376037597656,1.22,0.579658568,1044789628210.0,190671883.0,19.505577087402344,80.49443054199219
Nigeria,2016,177.03306579589844,1.202,0.595547497,1027896680223.0,195443698.0,22.46852684020996,77.5314712524414
Nigeria,2017,148.71070861816406,1.17,0.561986506,1036180414988.0,200254580.0,24.19354820251465,75.80644989013672
Nigeria,2018,164.4881591796875,1.096,0.521061659,1056103594567.0,204938752.0,21.165895462036133,78.8341064453125
North Macedonia,2001,3290.906494140625,1.649,4.012739658,15872667390.0,2066300.0,9.89011001586914,90.1098861694336
North Macedonia,2002,3316.49072265625,0.413,3.777953148,16017432272.0,2074482.0,12.479474067687988,87.52052307128906
North Macedonia,2003,3689.7939453125,0.69,4.099768639,16466000239.0,2081417.0,20.35661125183105,79.64338684082031
North Macedonia,2004,3757.3427734375,0.426,3.943937302,17324217189.0,2086581.0,22.22222328186035,77.77777862548828
North Macedonia,2005,4086.497802734375,0.201,4.113172054,18219129334.0,2089809.0,21.46973991394043,78.53025817871094
North Macedonia,2006,4212.07421875,0.437,4.14061451,19227779553.0,2089232.0,23.53780174255371,76.46219635009766
North Macedonia,2007,4318.021484375,1.606,4.329210281,20547244002.0,2081972.0,15.538461685180664,84.46153259277344
North Macedonia,2008,4365.384765625,1.188,4.315402985,21752220835.0,2070837.0,13.31220245361328,86.68779754638672
North Macedonia,2009,4008.539306640625,1.06,4.002479553,21758909955.0,2060601.0,18.621700286865234,81.37830352783203
North Macedonia,2010,4231.02978515625,1.367,3.988207579,22583127369.0,2051510.0,33.471073150634766,66.52892303466797
North Macedonia,2011,4626.44140625,0.746,4.32401371,23201482935.0,2040445.0,21.153844833374023,78.84615325927734
North Macedonia,2012,4404.89990234375,1.481,4.171342373,23095684802.0,2027288.0,16.61341667175293,83.3865737915039
North Macedonia,2013,4231.900390625,1.453,3.701642036,23771197646.0,2013280.0,26.108373641967773,73.8916244506836
North Macedonia,2014,4174.50439453125,1.35,3.58726263,24633991465.0,1997842.0,23.97769355773925,76.02230834960938
North Macedonia,2015,4120.4501953125,1.543,3.393198967,25583815729.0,1980366.0,35.929203033447266,64.07079315185547
North Macedonia,2016,3905.636474609375,1.689,3.368326902,26312536822.0,1961268.0,36.76731491088867,63.23268127441406
North Macedonia,2017,3905.450927734375,1.128,3.65299964,26597107306.0,1940877.0,23.03571319580078,76.96428680419922
North Macedonia,2018,3922.4267578125,2.143,3.466020823,27363281668.0,1919730.0,34.9376106262207,65.06238555908203
Norway,2001,27669.40234375,0.628,9.64164257,255455331302.0,4513650.0,99.5219268798828,0.4780744910240173
Norway,2002,26560.064453125,1.406,9.380971909,267081351259.0,4538016.0,99.58537292480467,0.4146191775798797
Norway,2003,25092.74609375,1.104,9.62151432,277856282106.0,4564666.0,99.40001678466795,0.5999812483787537
Norway,2004,26471.453125,1.313,9.638396263,297743119876.0,4591739.0,99.35513305664062,0.6448683142662048
Norway,2005,27083.44140625,1.769,9.361427307,314940774381.0,4623120.0,99.46812438964844,0.5318761467933655
Norway,2006,26192.541015625,1.517,9.410819054,332457531096.0,4660487.0,99.32354736328124,0.6764560341835022
Norway,2007,26774.166015625,1.708,9.68461132,352692911227.0,4709017.0,99.1404037475586,0.8595988154411316
Norway,2008,26704.57421875,1.62,9.373131752,364943654963.0,4768097.0,99.40505981445312,0.5949429273605347
Norway,2009,25263.919921875,1.401,8.925521851,370113292846.0,4828625.0,96.57173919677734,3.4282658100128174
Norway,2010,26730.564453125,-0.333,9.338823318,383760934305.0,4889160.0,95.79340362548828,4.206593990325928
Norway,2011,24803.3046875,1.413,9.040032387,399420041611.0,4952969.0,96.80775451660156,3.1922495365142822
Norway,2012,25577.603515625,1.07,8.819052696,410276121127.0,5018453.0,98.22821044921876,1.771788239479065
Norway,2013,25221.81640625,0.806,8.767302513,414445317738.0,5080126.0,97.95703887939452,2.0429623126983643
Norway,2014,24389.783203125,2.43,8.754433632,422933730082.0,5137397.0,97.91311645507812,2.0868823528289795
Norway,2015,24731.314453125,1.791,8.77166748,430788988142.0,5189777.0,97.95105743408205,2.0489511489868164
Norway,2016,25137.6328125,1.733,8.538621902,435806553454.0,5235974.0,98.054443359375,1.9455516338348389
Norway,2017,25225.482421875,1.563,8.37570858,446543702505.0,5276807.0,98.11829376220705,1.881702184677124
Norway,2018,25564.07421875,1.505,8.372380257,450245217440.0,5311751.0,98.01973724365234,1.9802658557891848
Oman,2001,4216.04296875,0.872,9.744400978,64949142360.0,2310223.0,0.0,100.0
Oman,2002,4419.92431640625,1.143,11.54356766,68131998222.0,2337144.0,0.0,100.0
Oman,2003,4530.83837890625,1.054,14.62194347,69978417960.0,2363801.0,0.0,100.0
Oman,2004,4782.05859375,0.991,12.16196918,74745449481.0,2404822.0,0.0,100.0
Oman,2005,5142.677734375,1.022,12.94220543,80936605625.0,2459808.0,0.0,100.0
Oman,2006,5284.72705078125,1.071,16.08470345,90553430362.0,2514794.0,0.0,100.0
Oman,2007,5513.2431640625,0.919,17.62853241,100681198254.0,2570175.0,0.0,100.0
Oman,2008,6110.7099609375,0.772,18.06014633,115217924982.0,2626536.0,0.0,100.0
Oman,2009,6872.3662109375,0.977,16.57707977,127016653137.0,2684665.0,0.0,100.0
Oman,2010,7184.173828125,1.37,18.6509819,135198273857.0,2757450.0,0.0,100.0
Oman,2011,7108.12255859375,1.088,18.62514305,132756531310.0,3076762.0,0.0,100.0
Oman,2012,7053.6416015625,1.036,17.79054451,144522749866.0,3547104.0,0.0,100.0
Oman,2013,6844.1787109375,0.772,17.10705185,152076951430.0,3833915.0,0.0,100.0
Oman,2014,7278.052734375,0.805,16.53740501,154041791696.0,4002444.0,0.0,100.0
Oman,2015,7825.75830078125,1.571,16.22099876,161770059399.0,4184898.0,0.0,100.0
Oman,2016,7795.70361328125,1.212,15.08577251,169932976616.0,4390880.0,0.0,100.0
Oman,2017,7967.12353515625,1.743,14.62153721,170449577065.0,4537397.0,0.0553250312805175,99.94467163085938
Oman,2018,8212.4833984375,1.476,15.37185955,172643265345.0,4597878.0,0.1324152648448944,99.86758422851562
Pakistan,2001,452.7506103515625,0.728,0.661769807,477964444881.0,159270910.0,26.26542854309082,70.98876190185547
Pakistan,2002,464.2127990722656,0.997,0.677395642,504824722487.0,163222552.0,29.497163772583008,68.12722778320312
Pakistan,2003,491.5916442871094,0.489,0.677048981,543920300431.0,167110250.0,34.28362274169922,63.511207580566406
Pakistan,2004,502.492919921875,1.037,0.727653384,592025705114.0,171285999.0,31.25872611999512,66.49604797363281
Pakistan,2005,539.802001953125,0.214,0.740638673,641139042718.0,175453212.0,33.692893981933594,63.75846099853516
Pakistan,2006,554.8670043945312,1.037,0.767528474,685965623310.0,179682690.0,33.16587829589844,64.27207946777344
Pakistan,2007,522.2413940429688,0.628,0.804089189,719253757580.0,184493231.0,31.159645080566406,66.43785858154297
Pakistan,2008,492.0339660644531,0.352,0.780486047,746912719652.0,189499112.0,31.24395179748535,66.8852767944336
Pakistan,2009,495.7388610839844,1.008,0.763235033,774880575078.0,194376535.0,30.277807235717773,66.975341796875
Pakistan,2010,475.8605346679688,1.282,0.740336716,805491514683.0,199239048.0,34.7154655456543,62.57668685913086
Pakistan,2011,466.7574768066406,0.804,0.733699083,845096928750.0,203746069.0,31.29811286926269,64.65253448486328
Pakistan,2012,474.220458984375,0.278,0.724982679,878485024934.0,207667129.0,31.71253967285156,62.9153938293457
Pakistan,2013,498.8772277832031,0.789,0.702043116,918328534363.0,211073979.0,32.18916702270508,63.61556243896485
Pakistan,2014,505.68304443359375,0.383,0.703846872,961516822345.0,214264649.0,32.832916259765625,62.92280578613281
Pakistan,2015,521.1907348632812,0.592,0.666827559,1010825281718.0,217290884.0,33.64659881591797,62.514408111572266
Pakistan,2016,560.5552978515625,1.254,0.802861333,1061146810870.0,220138863.0,29.170055389404297,66.40357971191406
Pakistan,2017,586.3648071289062,1.33,0.949419796,1117267177186.0,223273974.0,25.038354873657227,68.74040985107422
Pakistan,2018,570.7073974609375,1.431,0.896755278,1165406508457.0,226928893.0,25.67819023132324,67.12137603759766
Palestine,2001,653.859619140625,0.928,0.414734542,14595986667.0,3242286.0,0.0,100.0
Palestine,2002,740.435546875,0.779,0.347390682,12429343876.0,3322369.0,0.0,100.0
Palestine,2003,782.797119140625,0.602,0.375234067,13784762233.0,3398071.0,0.0,100.0
Palestine,2004,863.26513671875,0.596,0.630492032,14801525695.0,3475178.0,0.0,100.0
Palestine,2005,944.5084228515624,0.26,0.769383073,15962719146.0,3557406.0,0.0,100.0
Palestine,2006,946.4771728515624,0.675,0.622210205,14923434404.0,3645096.0,0.0,100.0
Palestine,2007,966.0946044921876,0.587,0.62264663,15482101098.0,3736694.0,0.0,100.0
Palestine,2008,1120.385498046875,0.821,0.535862923,15978427884.0,3829039.0,0.0,100.0
Palestine,2009,1142.4942626953125,0.879,0.532606363,16895251586.0,3921245.0,0.0,100.0
Palestine,2010,1152.625,2.373,0.506238878,17771111593.0,4016918.0,0.0,100.0
Palestine,2011,1260.9599609375,0.589,0.545694828,19437411000.0,4115912.0,0.0,100.0
Palestine,2012,1273.9251708984375,1.042,0.520657301,20660752000.0,4215318.0,0.0,100.0
Palestine,2013,1218.92919921875,1.125,0.564637661,21115612000.0,4315263.0,0.0,100.0
Palestine,2014,1195.682861328125,0.91,0.642212093,21084591000.0,4415887.0,0.0,100.0
Palestine,2015,1311.4930419921875,1.397,0.663667679,21808077000.0,4521564.0,1.9230769872665403,98.0769271850586
Palestine,2016,1295.1290283203125,1.709,0.698357761,23665914839.0,4632743.0,7.547170162200928,92.4528350830078
Palestine,2017,1292.4998779296875,0.833,0.688340306,23886477912.0,4742747.0,9.090909004211426,90.90908813476562
Palestine,2018,1307.0567626953125,2.064,0.609584868,24082206405.0,4850593.0,14.285714149475098,85.71429443359375
Panama,2001,1641.9371337890625,0.679,2.250956297,28943056968.0,3069545.0,49.21875,50.78125
Panama,2002,1687.255126953125,0.99,1.824665427,29668000666.0,3129343.0,64.65028381347656,35.34971618652344
Panama,2003,1689.754150390625,0.976,1.858643174,31009621095.0,3189813.0,50.987430572509766,49.01256561279297
Panama,2004,1731.690673828125,0.773,1.693133354,33428600750.0,3251158.0,65.97222137451172,34.02777862548828
Panama,2005,1741.611328125,0.897,2.034992695,35933065263.0,3313024.0,64.26116943359375,35.73883056640625
Panama,2006,1757.0245361328125,0.742,2.157601833,39099565107.0,3375024.0,60.20066833496094,39.79933166503906
Panama,2007,1844.3690185546875,0.764,2.075218916,43958183203.0,3437490.0,57.73993682861328,42.26006317138672
Panama,2008,1856.8001708984373,0.472,1.945097566,47885663330.0,3500646.0,62.052879333496094,37.94712448120117
Panama,2009,1930.2078857421875,0.98,2.258837461,48772972500.0,3564383.0,56.7293815612793,43.27062225341797
Panama,2010,2042.145263671875,1.059,2.496796846,51741885375.0,3628537.0,57.04607009887695,42.95392990112305
Panama,2011,2133.47265625,0.654,2.680213213,57996520000.0,3693509.0,52.68542098999024,47.314579010009766
Panama,2012,2279.703369140625,0.602,2.537818432,63359010000.0,3759261.0,62.9500617980957,37.04994583129883
Panama,2013,2339.66552734375,0.905,2.685683012,67546261000.0,3825333.0,57.87709426879883,42.12290573120117
Panama,2014,2412.579345703125,0.871,2.746234894,71636840000.0,3892100.0,55.80644989013672,44.19355010986328
Panama,2015,2570.68505859375,1.113,2.6898911,75784011000.0,3960034.0,65.33980560302734,34.660194396972656
Panama,2016,2608.53271484375,1.033,2.564798117,79454188125.0,4029085.0,66.63603210449219,33.36397171020508
Panama,2017,2617.900634765625,0.887,2.334378958,83812229677.0,4098704.0,71.8297119140625,28.1702880859375
Panama,2018,2612.851806640625,1.29,2.188424587,86820962356.0,4167860.0,77.76786041259766,22.23214340209961
Paraguay,2001,1191.2816162109375,0.731,0.71077317,27438613750.0,5187690.0,100.0,0.0
Paraguay,2002,1222.12353515625,1.207,0.732375681,31664872141.0,5261334.0,100.0,0.0
Paraguay,2003,1237.224853515625,0.851,0.755834579,33135448282.0,5326437.0,100.0,0.0
Paraguay,2004,1284.29248046875,0.483,0.753044128,34591080511.0,5388181.0,100.0,0.0
Paraguay,2005,1354.6007080078125,0.634,0.692438126,35443580706.0,5448100.0,100.0,0.0
Paraguay,2006,1464.0850830078125,1.018,0.708523035,37261533412.0,5505145.0,100.0,0.0
Paraguay,2007,1546.9337158203125,0.378,0.726917922,39406021841.0,5559385.0,100.0,0.0
Paraguay,2008,1633.53955078125,0.393,0.760580122,42050621581.0,5613577.0,100.0,0.0
Paraguay,2009,1745.6490478515625,1.04,0.797879934,40509009629.0,5671243.0,100.0,0.0
Paraguay,2010,1861.2845458984373,0.483,0.873277009,45961696292.0,5737973.0,100.0,0.0
Paraguay,2011,1977.7691650390625,0.721,0.892837763,48113309093.0,5814632.0,100.0,0.0
Paraguay,2012,2131.58837890625,0.963,0.87487036,47772664940.0,5897011.0,100.0,0.0
Paraguay,2013,2198.09716796875,0.486,0.864037931,51734453611.0,5982447.0,100.0,0.0
Paraguay,2014,2311.436279296875,1.294,0.898085594,54476893712.0,6069819.0,99.9819564819336,0.0180407725274562
Paraguay,2015,2396.45166015625,1.64,0.981550395,56087783311.0,6159106.0,100.0,0.0
Paraguay,2016,2483.546142578125,0.375,1.150002837,58481604773.0,6249129.0,100.0,0.0
Paraguay,2017,2554.16845703125,1.269,1.252546668,61294571103.0,6338658.0,100.0,0.0
Paraguay,2018,2665.15966796875,0.652,1.323025823,63258456042.0,6427382.0,100.0,0.0
Peru,2001,770.2689208984375,0.338,0.936788976,130005019162.0,26964610.0,85.55609130859375,14.44390869140625
Peru,2002,805.8424682617188,0.728,0.937831521,137911092694.0,27288211.0,82.90131378173828,17.09868049621582
Peru,2003,831.3849487304688,0.673,0.903326094,144583674826.0,27580485.0,81.68338012695312,18.316614151000977
Peru,2004,870.6676025390625,0.702,1.02338922,152840586065.0,27852190.0,72.86598205566406,27.13401985168457
Peru,2005,907.4353637695312,0.778,1.07899785,163489485317.0,28101175.0,72.2745132446289,27.72549057006836
Peru,2006,965.9486083984376,0.773,0.999109507,176775277493.0,28324488.0,73.28215789794922,26.717836380004883
Peru,2007,1049.0452880859375,0.483,1.211569071,192942634714.0,28530704.0,66.72235107421875,33.27764892578125
Peru,2008,1129.216064453125,0.605,1.238635302,211009673563.0,28719038.0,60.12950897216797,39.87049102783203
Peru,2009,1137.1494140625,0.877,1.364297032,212830474173.0,28896819.0,60.60146331787109,39.39854431152344
Peru,2010,1230.1441650390625,1.031,1.461358309,230353256282.0,29086021.0,57.70409393310547,42.29590606689453
Peru,2011,1339.0626220703125,0.821,1.444399118,244711917914.0,29304083.0,56.76778030395508,43.23221969604492
Peru,2012,1352.2674560546875,0.965,1.540037751,259737230567.0,29550367.0,55.25525665283203,44.74474334716797
Peru,2013,1459.190185546875,0.663,1.432620406,274939626306.0,29817908.0,53.94162368774414,46.058380126953125
Peru,2014,1518.1387939453125,0.947,1.639935851,281488723310.0,30115825.0,52.37262344360352,47.62738037109375
Peru,2015,1583.1846923828125,1.342,1.615493655,290642734598.0,30457598.0,52.72426223754883,47.27573776245117
Peru,2016,1672.0394287109375,1.431,1.707277298,302131843581.0,30866497.0,50.39705657958984,49.60294342041016
Peru,2017,1683.3394775390625,1.044,1.747070432,309742529723.0,31324639.0,58.60367965698242,41.39632034301758
Peru,2018,1712.9820556640625,0.799,1.756043911,322061010919.0,31897590.0,61.13145446777344,38.86854553222656
Philippines,2001,577.999267578125,0.641,0.857464492,339580401272.0,81401488.0,37.27949142456055,62.72051239013672
Philippines,2002,583.3712158203125,0.541,0.836555123,354896572700.0,83068889.0,35.63764190673828,64.36236572265625
Philippines,2003,624.794677734375,0.665,0.820243299,375676507230.0,84731836.0,33.41518783569336,66.5848159790039
Philippines,2004,647.4948120117188,0.563,0.833371401,404092179609.0,86394510.0,33.732574462890625,66.2674331665039
Philippines,2005,642.724365234375,0.67,0.82182759,426864086040.0,88015959.0,32.36697769165039,67.63301849365234
Philippines,2006,634.3496704101562,0.714,0.733395755,452834616353.0,89508992.0,36.0338134765625,63.9661865234375
Philippines,2007,654.6240234375,0.771,0.76870513,486739179739.0,91075180.0,31.600135803222656,68.39986419677734
Philippines,2008,656.1013793945312,0.439,0.82638371,511142140299.0,92699091.0,33.903324127197266,66.0966796875
Philippines,2009,656.0416259765625,0.569,0.800776601,521163648845.0,94384256.0,32.57429122924805,67.42571258544922
Philippines,2010,703.0519409179688,0.902,0.853729904,565514808274.0,96337127.0,26.295583724975582,73.70440673828125
Philippines,2011,703.8267211914062,0.472,0.844595015,590943092007.0,98248614.0,28.66232681274414,71.3376693725586
Philippines,2012,727.6229248046875,0.778,0.8732301,631700459807.0,100175511.0,28.453834533691406,71.5461654663086
Philippines,2013,736.9974975585938,0.905,0.928965867,674346563689.0,102076334.0,26.412336349487305,73.58766174316406
Philippines,2014,744.2626953125,0.737,0.964407682,717154029846.0,103767127.0,25.61180877685547,74.38819122314453
Philippines,2015,782.4296264648438,0.953,1.054440618,762678999551.0,105312988.0,25.412622451782227,74.5873794555664
Philippines,2016,850.6055908203125,1.416,1.126292348,817202925336.0,106735721.0,24.209714889526367,75.790283203125
Philippines,2017,872.7365112304688,1.016,1.235442042,873843247356.0,108119691.0,24.554895401000977,75.44510650634766
Philippines,2018,911.1564331054688,1.03,1.277635813,929253628653.0,109465284.0,23.370763778686523,76.62923431396484
Poland,2001,3581.685302734375,1.275,8.190555573,499086644170.0,38247359.0,1.934316635131836,98.06568145751952
Poland,2002,3542.29931640625,1.691,8.000449181,514089670231.0,38229407.0,1.9439959526062007,98.05599975585938
Poland,2003,3660.656982421875,0.356,8.343017578,537330337680.0,38203527.0,1.4999001026153564,98.5000991821289
Poland,2004,3753.1865234375,0.77,8.478946686,570430122148.0,38167568.0,2.0978105068206787,97.90219116210938
Poland,2005,3779.734130859375,0.869,8.46117115,595958527688.0,38124377.0,2.4792325496673584,97.5207748413086
Poland,2006,3932.372314453125,0.822,8.835747719,638713864539.0,38071169.0,2.6695706844329834,97.33043670654295
Poland,2007,4028.62451171875,2.134,8.830377579,690249985288.0,38020420.0,3.4254350662231445,96.5745620727539
Poland,2008,4048.594482421875,1.737,8.67010498,726319216200.0,37995902.0,4.278317451477051,95.7216796875
Poland,2009,3912.146728515625,1.255,8.312326431,760579624624.0,38002153.0,5.760307312011719,94.23969268798828
Poland,2010,4079.76220703125,0.383,8.768195152,795619859853.0,38095356.0,6.940103054046631,93.05989074707033
Poland,2011,4125.50634765625,0.745,8.725933075,843236863910.0,38208644.0,8.061644554138184,91.93836212158205
Poland,2012,4147.68212890625,1.361,8.517539024,856266755052.0,38247867.0,10.453306198120115,89.54669952392578
Poland,2013,4162.6513671875,0.631,8.409914017,863601156195.0,38259267.0,10.416412353515623,89.58358764648438
Poland,2014,4194.94384765625,2.353,8.08609581,896737189458.0,38265113.0,12.5355224609375,87.4644775390625
Poland,2015,4284.9697265625,1.988,8.167728424,936043804062.0,38266314.0,13.810103416442873,86.18989562988281
Poland,2016,4390.634765625,2.03,8.449371338,963689941627.0,38263260.0,13.74096393585205,86.25904083251953
Poland,2017,4501.37646484375,1.45,8.796377182,1013223736654.0,38254964.0,14.201635360717772,85.7983627319336
Poland,2018,4579.36962890625,2.41,8.779006958,1073462064151.0,38241070.0,12.760433197021484,87.23957061767578
Portugal,2001,4471.5595703125,1.091,6.295659542,244348167969.0,10354329.0,34.17281723022461,65.82717895507812
Portugal,2002,4556.7841796875,0.636,6.68225193,247190712485.0,10413045.0,21.361141204833984,78.63886260986328
Portugal,2003,4704.30859375,1.403,6.16802454,245847246169.0,10454246.0,38.15477752685547,61.8452262878418
Portugal,2004,4881.03369140625,0.961,6.421131134,251279602163.0,10481386.0,27.551477432250977,72.44851684570312
Portugal,2005,5029.9951171875,0.937,6.630470276,254196923131.0,10502993.0,17.930885314941406,82.0691146850586
Portugal,2006,5115.86572265625,1.508,6.162615776,259159946424.0,10524123.0,32.479339599609375,67.52066040039062
Portugal,2007,5138.98876953125,0.734,5.914587498,266663287450.0,10546822.0,34.703487396240234,65.2965087890625
Portugal,2008,5184.546875,0.623,5.680533886,268239264717.0,10564086.0,32.28937149047852,67.71063232421875
Portugal,2009,5120.900390625,1.331,5.403325081,261270596745.0,10576265.0,37.03928756713867,62.96071243286133
Portugal,2010,5303.12939453125,1.077,4.999682426,267277408809.0,10578659.0,53.01047134399414,46.98952865600586
Portugal,2011,5170.9521484375,1.583,4.905126572,263425010810.0,10557050.0,46.562381744384766,53.4376220703125
Portugal,2012,5072.6923828125,0.769,4.749476433,252737143203.0,10513155.0,42.62764358520508,57.37236022949219
Portugal,2013,5080.18212890625,0.909,4.603641033,250405237435.0,10458287.0,58.53028869628906,41.46971130371094
Portugal,2014,5064.287109375,1.329,4.607091904,252388910611.0,10406203.0,60.945945739746094,39.05405426025391
Portugal,2015,5150.302734375,1.376,5.036809921,256911888409.0,10370264.0,47.63394927978516,52.36605453491211
Portugal,2016,5215.35205078125,1.658,4.862660408,262100101273.0,10346377.0,54.699405670166016,45.300594329833984
Portugal,2017,5315.154296875,2.085,5.33985281,271290329012.0,10330838.0,39.208194732666016,60.79180145263672
Portugal,2018,5393.51904296875,0.841,4.972252846,279020275961.0,10325355.0,50.40274429321289,49.597259521484375
Qatar,2001,14676.9443359375,0.919,67.72694397,34920337897.0,677934.0,0.0,100.0
Qatar,2002,15382.126953125,1.401,63.51755905,41661485450.0,711215.0,0.0,100.0
Qatar,2003,16127.5166015625,1.133,62.61791229,47126236240.0,744690.0,0.0,100.0
Qatar,2004,17107.587890625,1.183,61.34366226,63193934807.0,773341.0,0.0,100.0
Qatar,2005,17445.685546875,0.802,57.76681519,76893678098.0,825419.0,0.0,100.0
Qatar,2006,17556.826171875,1.612,61.42093658,103895902583.0,972841.0,0.0,100.0
Qatar,2007,16101.259765625,0.946,49.2551651,127834802409.0,1208601.0,0.0,100.0
Qatar,2008,15151.2822265625,1.13,43.35905075,156781224399.0,1426942.0,0.0,100.0
Qatar,2009,15232.7919921875,1.078,41.17479706,186164264424.0,1586052.0,0.0,100.0
Qatar,2010,16463.4765625,1.97,43.09006882,238648100494.0,1709238.0,0.0,100.0
Qatar,2011,16968.900390625,1.419,45.1746254,296148824653.0,1810960.0,0.0,100.0
Qatar,2012,18247.390625,1.354,49.15156937,310156648715.0,1907122.0,0.0287356320768594,99.97126770019533
Qatar,2013,17095.91015625,1.213,44.98240662,327388964338.0,2032650.0,0.2302158176898956,99.769775390625
Qatar,2014,17490.255859375,1.609,41.31019974,344851898869.0,2218378.0,0.2835051715373993,99.71649169921876
Qatar,2015,17150.4609375,2.041,38.44141006,361242719905.0,2427340.0,0.3122747838497162,99.6877212524414
Qatar,2016,16326.95703125,1.548,35.15387344,372311173588.0,2599382.0,0.3063147962093353,99.69369506835938
Qatar,2017,16883.9296875,1.911,39.03497314,366733973367.0,2706716.0,0.3063457310199737,99.69365692138672
Qatar,2018,17405.830078125,2.016,37.16626358,371263146890.0,2761144.0,0.3121098577976227,99.6878890991211
Republic of Congo,2001,192.51089477539065,0.3,1.276624322,13249308227.0,3272542.0,100.0,0.0
Republic of Congo,2002,223.8291473388672,0.7,0.81183815,14180954098.0,3350770.0,100.0,0.0
Republic of Congo,2003,220.56105041503903,0.774,0.945542634,14627827623.0,3445758.0,85.0,14.999999046325684
Republic of Congo,2004,224.36837768554688,0.775,0.995243967,15504146539.0,3565565.0,82.5,17.5
Republic of Congo,2005,229.9535369873047,0.726,1.177397251,17078609818.0,3696399.0,81.39534759521484,18.604650497436523
Republic of Congo,2006,224.10943603515625,0.72,1.2471627,18567839817.0,3837411.0,82.22222900390625,17.77777862548828
Republic of Congo,2007,213.5447692871093,0.676,1.070062995,18699065550.0,3980430.0,82.5,17.5
Republic of Congo,2008,218.79103088378903,0.633,1.038106084,20270055811.0,4113514.0,80.43478393554688,19.56521797180176
Republic of Congo,2009,228.9068298339844,0.654,1.154730558,22298715246.0,4281218.0,61.11111068725586,38.88888549804688
Republic of Congo,2010,244.2684326171875,1.137,1.232534409,24809062977.0,4462304.0,56.79012298583984,43.20987701416016
Republic of Congo,2011,290.6896057128906,0.493,1.094732881,26249089782.0,4609728.0,61.83206558227539,38.16794204711914
Republic of Congo,2012,369.1627197265625,0.455,1.058553219,28860086022.0,4740457.0,58.72092819213867,41.27906799316406
Republic of Congo,2013,364.4146728515625,0.653,1.212733746,28654592534.0,4857104.0,57.225433349609375,42.77456665039063
Republic of Congo,2014,353.7057800292969,0.586,1.099519968,30579326354.0,4975887.0,55.11363983154297,44.8863639831543
Republic of Congo,2015,543.394775390625,0.892,1.105755568,29493455123.0,5097583.0,40.14337158203125,59.85662841796875
Republic of Congo,2016,568.688232421875,1.345,1.096632242,26313174327.0,5222545.0,38.72053909301758,61.27946090698242
Republic of Congo,2017,556.9039306640625,0.999,1.05605197,25159867387.0,5351013.0,40.939598083496094,59.06040191650391
Republic of Congo,2018,561.72314453125,1.095,1.193601012,23950933949.0,5483128.0,35.064937591552734,64.93506622314453
Romania,2001,2383.220947265625,1.557,4.513158798,173763436827.0,21919916.0,27.86181259155273,61.960784912109375
Romania,2002,2368.85400390625,1.237,4.550702572,190219311781.0,21770020.0,29.49283218383789,60.38221740722656
Romania,2003,2443.333740234375,0.156,4.802723408,204513401651.0,21593448.0,24.179431915283203,66.86724853515625
Romania,2004,2583.2568359375,0.574,4.82322979,228570981481.0,21403215.0,29.23676300048828,60.93500900268555
Romania,2005,2660.11181640625,0.316,4.777009487,244044803180.0,21213395.0,34.080562591552734,56.56497573852539
Romania,2006,2770.99951171875,0.535,4.957754612,274969703969.0,21035732.0,29.34782600402832,61.65281295776367
Romania,2007,2849.447265625,2.128,5.198509216,304650701380.0,20870714.0,26.00714683532715,61.46848678588867
Romania,2008,2925.370361328125,1.336,5.164275646,339689310169.0,20718745.0,26.549489974975582,56.13629150390625
Romania,2009,2686.99072265625,1.611,4.267195702,326954238767.0,20576922.0,27.0012149810791,52.59593963623047
Romania,2010,2845.94580078125,1.167,4.134961128,335489566640.0,20432575.0,33.59814453125,47.1698112487793
Romania,2011,2952.86328125,0.5,4.555303574,350086824382.0,20282009.0,26.40776634216309,54.579288482666016
Romania,2012,2916.394775390625,1.829,4.457074165,356825919340.0,20158451.0,25.5039291381836,54.90262985229492
Romania,2013,2799.693115234375,1.375,3.927418947,357789262640.0,20062913.0,34.62794494628906,45.40299224853516
Romania,2014,2894.104736328125,1.553,3.97308898,372532510801.0,19968179.0,41.77449417114258,40.23413848876953
Romania,2015,2965.625732421875,1.774,3.927629232,384306463712.0,19871018.0,39.887298583984375,42.385009765625
Romania,2016,2993.36865234375,1.847,3.872514725,395288226514.0,19777049.0,41.99626159667969,40.42354202270508
Romania,2017,3080.3369140625,1.123,4.034268379,456012361225.0,19689405.0,38.22789001464844,43.65753936767578
Romania,2018,3139.626220703125,2.226,4.075667858,473122658487.0,19597874.0,40.87716674804688,41.36101150512695
Russia,2001,5991.1455078125,0.813,10.38947105,1662886727147.0,146117290.0,19.52382469177246,65.11270141601562
Russia,2002,6018.521484375,1.587,10.33530903,1781424730851.0,145939502.0,18.215375900268555,65.89398956298828
Russia,2003,6193.04345703125,0.99,10.55601692,1955875991276.0,145794230.0,17.030635833740234,66.56189727783203
Russia,2004,6366.50634765625,1.397,10.6443882,2143914665541.0,145180091.0,18.90096664428711,65.57070922851562
Russia,2005,6512.75048828125,1.701,10.81606674,2331247104465.0,144597886.0,18.139419555664062,66.19677734375
Russia,2006,6775.0869140625,0.547,11.2657547,2576148450528.0,144102948.0,17.51905059814453,66.71269226074219
Russia,2007,6992.22607421875,2.482,11.29096317,2858759376272.0,143859767.0,17.427112579345703,66.86070251464844
Russia,2008,7109.0810546875,2.213,11.49231815,3078094367564.0,143811837.0,15.89230728149414,68.42692565917969
Russia,2009,6799.5126953125,1.183,10.74057007,2903690263125.0,143869128.0,17.591381072998047,65.93696594238281
Russia,2010,7090.5185546875,0.872,11.34646606,3105249267337.0,143934468.0,16.090248107910156,67.492919921875
Russia,2011,7166.642578125,1.696,11.69775867,3306765993750.0,144043751.0,15.511062622070312,68.09434509277344
Russia,2012,7296.2958984375,1.925,11.78246593,3439833075673.0,144291025.0,15.333826065063477,68.06326293945312
Russia,2013,7229.39404296875,1.159,11.32434654,3500216789791.0,144604105.0,17.15073585510254,66.56060028076172
Russia,2014,7287.53076171875,1.748,11.29759502,3525987597216.0,144925639.0,16.370044708251953,66.6444320678711
Russia,2015,7266.58447265625,2.241,11.25366688,3456429719677.0,145307612.0,15.826892852783203,65.86295318603516
Russia,2016,7384.2763671875,2.451,11.17672729,3463123938280.0,145778668.0,17.019716262817383,64.95870971679688
Russia,2017,7391.70654296875,2.121,11.36225891,3526353842599.0,146186798.0,17.078914642333984,64.30436706542969
Russia,2018,7488.82666015625,2.037,11.67730618,3625347362801.0,146430146.0,17.30992889404297,64.24598693847656
Saint Lucia,2001,1809.7061767578125,0.84,2.240740776,1080200365.0,160247.0,0.0,100.0
Saint Lucia,2002,1793.94384765625,0.874,2.198558569,1106971931.0,161655.0,0.0,100.0
Saint Lucia,2003,1840.6602783203125,0.975,2.315501451,1185932109.0,162985.0,0.0,100.0
Saint Lucia,2004,1887.3668212890625,0.647,2.431512833,1306608275.0,164250.0,0.0,100.0
Saint Lucia,2005,1934.0020751953125,1.042,2.369442701,1321769047.0,165460.0,0.0,100.0
Saint Lucia,2006,1980.1148681640625,0.859,2.484336138,1443383695.0,166657.0,0.0,100.0
Saint Lucia,2007,2086.239013671875,0.848,2.51159358,1491085385.0,167766.0,0.0,100.0
Saint Lucia,2008,2073.26318359375,0.541,2.517676115,1589069531.0,168816.0,0.0,100.0
Saint Lucia,2009,2119.14306640625,0.658,2.50190711,1609861406.0,169880.0,0.0,100.0
Saint Lucia,2010,2223.249267578125,1.296,2.829658031,1619438310.0,170921.0,0.0,100.0
Saint Lucia,2011,2269.896484375,0.75,2.814950943,1661310000.0,171814.0,0.0,100.0
Saint Lucia,2012,2201.68603515625,0.781,2.823442221,1630854000.0,172595.0,0.0,100.0
Saint Lucia,2013,2191.717529296875,0.915,2.810658693,1636031000.0,173380.0,0.0,100.0
Saint Lucia,2014,2182.089599609375,0.787,2.79831171,1635705000.0,174145.0,0.0,100.0
Saint Lucia,2015,2172.43408203125,1.017,2.744035721,1670340000.0,174919.0,0.0,100.0
Saint Lucia,2016,2220.311767578125,1.173,2.690881252,1719860632.0,175651.0,0.0,100.0
Saint Lucia,2017,2268.19091796875,1.008,2.804844856,1781316024.0,176352.0,0.0,100.0
Saint Lucia,2018,2315.965576171875,0.776,2.876858473,1830625072.0,177032.0,2.4390244483947754,97.56097412109376
Sao Tome and Principe,2001,136.62509155273438,0.33,0.350416034,323367292.0,146386.0,0.0,100.0
Sao Tome and Principe,2002,266.78759765625,0.718,0.366566181,330763135.0,149932.0,25.0,75.0
Sao Tome and Principe,2003,260.0374450683594,0.953,0.404930323,356840538.0,153824.0,25.0,75.0
Sao Tome and Principe,2004,253.6123809814453,0.78,0.464617908,370949154.0,157721.0,25.0,75.0
Sao Tome and Principe,2005,247.4481811523437,0.676,0.475991338,400193555.0,161650.0,0.0,100.0
Sao Tome and Principe,2006,301.83941650390625,0.724,0.486613423,436915676.0,165651.0,20.0,80.0
Sao Tome and Principe,2007,294.6219787597656,0.958,0.474977762,454094461.0,169709.0,20.0,80.0
Sao Tome and Principe,2008,287.6737670898437,0.663,0.484856844,491548804.0,173808.0,20.0,80.0
Sao Tome and Principe,2009,337.33258056640625,0.859,0.514994442,507380515.0,177866.0,16.66666603088379,83.33333587646484
Sao Tome and Principe,2010,275.01239013671875,0.975,0.584434271,544428757.0,181810.0,0.0,100.0
Sao Tome and Principe,2011,377.0231323242188,0.669,0.532830656,572220000.0,185665.0,14.285714149475098,85.71428680419922
Sao Tome and Principe,2012,422.2705383300781,0.732,0.580199718,588711000.0,189452.0,12.5,87.5
Sao Tome and Principe,2013,362.3976135253906,0.839,0.569067836,619718000.0,193158.0,14.285714149475098,85.71428680419922
Sao Tome and Principe,2014,406.5453796386719,0.919,0.651692271,660060000.0,196780.0,12.5,87.5
Sao Tome and Principe,2015,499.231201171875,0.867,0.676797748,687730000.0,200308.0,10.0,90.0
Sao Tome and Principe,2016,540.0045166015625,1.557,0.719482362,718608950.0,203702.0,9.090909004211426,90.90909576416016
Sao Tome and Principe,2017,483.1244812011719,1.226,0.672663867,745271993.0,206986.0,0.0,100.0
Sao Tome and Principe,2018,475.7419128417969,0.91,0.662384987,768095622.0,210198.0,0.0,100.0
Saudi Arabia,2001,8572.6494140625,0.825,19.03444099,506978101388.0,17041405.0,0.0,100.0
Saudi Arabia,2002,8648.9189453125,1.033,19.36978722,518347038548.0,17910909.0,0.0,100.0
Saudi Arabia,2003,8866.8779296875,0.925,18.69547844,607244594721.0,18786771.0,0.0,100.0
Saudi Arabia,2004,8816.1943359375,0.92,20.7276535,690846607941.0,19669486.0,0.0,100.0
Saudi Arabia,2005,9292.3671875,0.484,20.05042458,768984265306.0,20559886.0,0.0,100.0
Saudi Arabia,2006,9148.0830078125,1.135,20.73602486,833723402383.0,21459141.0,0.0,100.0
Saudi Arabia,2007,9139.267578125,0.653,18.92472076,896025266041.0,22368313.0,0.0,100.0
Saudi Arabia,2008,8768.5078125,0.836,20.15770912,1005243539213.0,23287884.0,0.0,100.0
Saudi Arabia,2009,8973.205078125,0.941,20.81001091,1040467027041.0,24217656.0,0.0,100.0
Saudi Arabia,2010,9888.646484375,2.079,22.0867672,1156842077931.0,25157134.0,0.0,100.0
Saudi Arabia,2011,9924.29296875,0.772,20.6942234,1347950226660.0,26105636.0,0.0038587690796703,99.99614715576172
Saudi Arabia,2012,10404.8232421875,1.141,22.38202095,1421109142119.0,27062447.0,0.0106522738933563,99.98934936523438
Saudi Arabia,2013,10513.8564453125,1.147,20.80784798,1461615692896.0,28026825.0,0.013572203926742,99.9864273071289
Saudi Arabia,2014,11316.248046875,1.234,20.17747879,1520484201383.0,28998127.0,0.0152346128597855,99.98475646972656
Saudi Arabia,2015,11696.1015625,1.875,20.83563614,1591797027903.0,29974944.0,0.0142596391960978,99.98573303222656
Saudi Arabia,2016,11619.9716796875,1.528,20.87304878,1629412617614.0,30717804.0,0.0139797572046518,99.98601531982422
Saudi Arabia,2017,12830.7080078125,1.733,20.9368515,1628276592787.0,30782400.0,0.0177219677716493,99.98228454589844
Saudi Arabia,2018,12341.1337890625,1.792,21.47872925,1673253984473.0,30365119.0,0.0426928512752056,99.95730590820312
Senegal,2001,175.267822265625,1.139,0.416931808,21256566387.0,10212941.0,3.35195541381836,96.6480484008789
Senegal,2002,198.7346649169922,1.421,0.423928291,21289209696.0,10466216.0,12.5,87.50000762939453
Senegal,2003,217.326904296875,1.119,0.459605545,22622569107.0,10721176.0,16.30901336669922,83.69099426269531
Senegal,2004,217.7535552978516,1.096,0.477255911,23858338191.0,10975711.0,13.807531356811523,86.19245910644531
Senegal,2005,235.8601226806641,1.296,0.492984951,25111741099.0,11235473.0,11.698112487792969,88.3018798828125
Senegal,2006,229.5633544921875,1.311,0.385189712,25681645040.0,11500094.0,10.606060028076172,89.39392852783203
Senegal,2007,237.8859100341797,1.169,0.441444457,26900866878.0,11770348.0,7.857142925262451,92.14285278320312
Senegal,2008,245.664291381836,1.255,0.393419325,27862112568.0,12048963.0,9.121622085571287,90.87837982177734
Senegal,2009,266.6690368652344,0.693,0.426157236,28495333178.0,12337390.0,9.508196830749512,90.49180603027344
Senegal,2010,275.4162902832031,1.497,0.543107569,29674469620.0,12635418.0,9.90712070465088,90.09288024902344
Senegal,2011,273.9429626464844,1.238,0.603356421,30201416523.0,12958902.0,10.0303955078125,89.9696044921875
Senegal,2012,293.7530822753906,0.915,0.553106904,31410375400.0,13310499.0,9.39226531982422,90.60773468017578
Senegal,2013,300.4917907714844,1.26,0.572733641,32167998974.0,13710857.0,9.711286544799805,90.2887191772461
Senegal,2014,317.97393798828125,1.167,0.616470933,34170131826.0,14152103.0,9.090909004211426,90.90909576416016
Senegal,2015,326.8615417480469,1.283,0.674651563,36345743124.0,14593335.0,9.00900936126709,90.9909896850586
Senegal,2016,341.87994384765625,1.601,0.66598779,38655882471.0,15034517.0,8.99581527709961,91.00418090820312
Senegal,2017,326.3327941894531,1.8,0.695132971,41519118886.0,15475001.0,11.22881317138672,88.77119445800781
Senegal,2018,330.5163269042969,1.029,0.711954236,44097044770.0,15914495.0,14.170040130615234,85.8299560546875
Seychelles,2001,2363.4794921875,0.702,4.026802063,1137693046.0,84621.0,0.0,100.0
Seychelles,2002,2678.218017578125,0.496,4.053191662,1181094301.0,85878.0,0.0,100.0
Seychelles,2003,2641.9775390625,0.706,3.914170265,1134551439.0,87056.0,0.0,100.0
Seychelles,2004,2608.44921875,0.246,4.280034065,1140079489.0,88175.0,0.0,100.0
Seychelles,2005,3359.9140625,0.44,4.267717838,1274495332.0,89288.0,0.0,100.0
Seychelles,2006,3540.17529296875,0.47,4.256175995,1430092128.0,90391.0,0.0,100.0
Seychelles,2007,3716.53759765625,0.734,4.405627251,1619623050.0,91483.0,0.0,100.0
Seychelles,2008,3673.174072265625,0.344,4.472975254,1625802984.0,92563.0,0.0,100.0
Seychelles,2009,3737.55908203125,0.57,4.73435545,1630727660.0,93644.0,0.0,100.0
Seychelles,2010,4000.294677734375,0.735,4.628551483,1772951640.0,94993.0,0.0,100.0
Seychelles,2011,4121.96923828125,0.635,4.153295994,1917505000.0,97041.0,0.0,100.0
Seychelles,2012,4117.9130859375,0.668,4.195209026,1991700000.0,99565.0,0.0,100.0
Seychelles,2013,4309.16259765625,0.488,4.054843903,2096276000.0,102108.0,2.2727272510528564,97.7272720336914
Seychelles,2014,4299.513671875,0.615,4.375949383,2231000000.0,104663.0,2.222222328186035,97.77777862548828
Seychelles,2015,4289.16455078125,0.913,4.646321297,2363480000.0,107247.0,2.17391300201416,97.82608032226562
Seychelles,2016,4552.24169921875,0.86,5.037182808,2658740126.0,109836.0,2.0,98.0
Seychelles,2017,4535.63134765625,1.004,5.115907669,2824383463.0,112443.0,1.9607843160629272,98.03921508789062
Seychelles,2018,4519.65576171875,0.738,5.190929413,2983293782.0,115053.0,1.9230769872665403,98.0769271850586
Sierra Leone,2001,27.702512741088867,0.803,0.079640038,3731874073.0,4692715.0,7.692307949066162,92.30769348144533
Sierra Leone,2002,32.18386459350586,0.967,0.100970447,4723203819.0,4971435.0,12.5,87.5
Sierra Leone,2003,28.97047233581543,0.787,0.10402485,5165014591.0,5177686.0,13.333332061767578,86.66665649414062
Sierra Leone,2004,22.40597152709961,0.992,0.097146317,5509297894.0,5355715.0,16.66666603088379,83.33333587646484
Sierra Leone,2005,14.54094123840332,1.127,0.078585066,5761186841.0,5501707.0,25.0,75.0
Sierra Leone,2006,8.88973617553711,1.043,0.102276057,6009264027.0,5624464.0,0.0,100.0
Sierra Leone,2007,10.435956954956056,0.773,0.084759451,6495486321.0,5749353.0,33.33333206176758,66.66666412353516
Sierra Leone,2008,10.17858600616455,1.15,0.085776977,6848797957.0,5894728.0,33.33333206176758,66.66666412353516
Sierra Leone,2009,9.90809440612793,0.751,0.08289244,7073732794.0,6055655.0,33.33333206176758,66.66666412353516
Sierra Leone,2010,22.49821853637696,1.206,0.08773277,7455363914.0,6222715.0,85.71428680419922,14.285714149475098
Sierra Leone,2011,26.6154899597168,0.952,0.111860208,7933356000.0,6387258.0,88.23529815673828,11.764705657958984
Sierra Leone,2012,27.476394653320312,0.405,0.126960486,9134190000.0,6551078.0,66.66666412353516,33.33333206176758
Sierra Leone,2013,23.83059883117676,0.71,0.156621844,11029545000.0,6714057.0,62.50000381469727,37.5
Sierra Leone,2014,21.81378746032715,0.671,0.164114133,11528208000.0,6876385.0,79.99999237060547,19.999998092651367
Sierra Leone,2015,22.73482894897461,0.903,0.154049069,9188877000.0,7037660.0,75.0,25.0
Sierra Leone,2016,29.14505386352539,0.886,0.158147171,9765347713.0,7205339.0,61.904762268066406,38.0952377319336
Sierra Leone,2017,31.16826820373535,1.408,0.148460701,10128155156.0,7379300.0,60.86956405639648,39.13043594360352
Sierra Leone,2018,35.739967346191406,0.951,0.13725628,10480967104.0,7554568.0,66.66666412353516,33.33333206176758
Slovakia,2001,5231.02880859375,1.255,8.044095993,76744257548.0,5379439.0,15.964801788330078,30.295413970947266
Slovakia,2002,5210.42041015625,1.394,7.816318512,80059373942.0,5377685.0,16.84276008605957,27.377254486083984
Slovakia,2003,5342.06591796875,0.663,7.879032135,84281952821.0,5376197.0,11.555842399597168,30.7940616607666
Slovakia,2004,5319.90283203125,0.559,7.971774101,88594621302.0,5376038.0,13.55876636505127,30.53184700012207
Slovakia,2005,5220.67724609375,0.405,7.970928669,94444699022.0,5376697.0,14.932991981506348,28.49393844604492
Slovakia,2006,5378.61669921875,0.634,7.930177689,102275719553.0,5376847.0,15.392000198364258,26.97600173950196
Slovakia,2007,5501.2158203125,2.152,7.63100338,113160253049.0,5376993.0,17.701974868774414,27.25314140319824
Slovakia,2008,5432.10791015625,1.524,7.701119423,119380219073.0,5379127.0,15.923345565795898,25.888500213623047
Slovakia,2009,5058.42626953125,1.492,6.997326851,112760232233.0,5385074.0,18.97416114807129,26.725799560546875
Slovakia,2010,5285.74853515625,0.681,7.133786201,118344324253.0,5391857.0,21.66788101196289,25.27312469482422
Slovakia,2011,5374.1083984375,0.835,7.047863483,120554965758.0,5398105.0,17.680339813232422,27.82885360717773
Slovakia,2012,5308.1689453125,1.567,6.653511047,122144694992.0,5404877.0,19.32862091064453,25.936397552490234
Slovakia,2013,5284.24609375,0.947,6.583905697,122917618179.0,5410422.0,22.3157901763916,22.52631568908692
Slovakia,2014,5213.0673828125,2.361,6.224689007,126232947119.0,5415238.0,23.000368118286133,19.867305755615234
Slovakia,2015,5352.1240234375,2.108,6.370126247,132755573802.0,5420278.0,22.727272033691406,20.36063003540039
Slovakia,2016,5426.30908203125,1.949,6.444787979,135336424966.0,5427262.0,24.738807678222656,20.149253845214844
Slovakia,2017,5601.8525390625,1.267,6.656719685,139312659832.0,5435702.0,23.85120391845703,21.15244483947754
Slovakia,2018,5573.8974609375,2.54,6.647537231,144927513498.0,5443229.0,21.79294776916504,22.543136596679688
Slovenia,2001,6387.94921875,1.708,8.196870804,44148368411.0,1989684.0,26.726518630981445,36.947513580322266
Slovenia,2002,6763.5048828125,1.501,8.320522308,45659924240.0,1991571.0,23.356164932250977,38.767120361328125
Slovenia,2003,7021.33349609375,1.424,8.169681549,46758348275.0,1992499.0,22.27042579650879,40.05784606933594
Slovenia,2004,7278.48046875,0.719,8.382395744,48578174459.0,1993548.0,27.57039833068848,36.67321395874024
Slovenia,2005,7406.42431640625,0.472,8.484074593,50309132737.0,1996915.0,23.62673759460449,37.45863723754883
Slovenia,2006,7563.21630859375,0.86,8.578714371,52944721543.0,2003116.0,24.48709487915039,38.782264709472656
Slovenia,2007,7581.328125,2.165,8.61356163,56590130937.0,2014159.0,22.47340583801269,39.62765884399414
Slovenia,2008,7313.25537109375,1.577,9.029032707,57981920900.0,2025090.0,26.26447296142578,35.52711868286133
Slovenia,2009,6548.40576171875,1.628,7.962924957,53266134006.0,2035610.0,29.89628028869629,35.082366943359375
Slovenia,2010,6915.7412109375,0.77,8.053124428,53649775101.0,2044611.0,29.212791442871094,35.97785949707031
Slovenia,2011,7101.70068359375,1.359,7.987196445,53761447942.0,2048805.0,24.37186050415039,36.55778884887695
Slovenia,2012,7066.59765625,1.934,7.6778512,52342432631.0,2053322.0,27.845659255981445,36.59164047241211
Slovenia,2013,7055.841796875,1.234,7.360631466,51803647300.0,2056452.0,32.341773986816406,34.113922119140625
Slovenia,2014,7000.60009765625,2.419,6.59170866,53237651266.0,2058395.0,38.48396682739258,24.37317657470703
Slovenia,2015,7160.3818359375,2.117,6.630597591,54414237086.0,2059946.0,29.391891479492188,32.43243408203125
Slovenia,2016,7300.93798828125,2.034,7.01860857,56151179265.0,2061379.0,31.176834106445312,33.57979202270508
Slovenia,2017,7530.025390625,1.707,7.097130775,58855036945.0,2062410.0,27.66355323791504,33.146419525146484
Slovenia,2018,7547.77490234375,2.399,7.03718996,61476689663.0,2069484.0,32.38212966918945,31.76178359985352
South Africa,2001,4462.986328125,0.497,7.812212467,374889022813.0,47566805.0,1.018611192703247,93.87881469726562
South Africa,2002,4640.4150390625,0.487,7.424104691,396137571619.0,48019414.0,1.160576581954956,93.40375518798828
South Africa,2003,4786.9755859375,0.921,8.338209152,413710071358.0,48500351.0,0.5421789288520813,94.05310821533205
South Africa,2004,4922.69873046875,0.961,9.171435356,439265862379.0,48991420.0,0.5559870600700378,93.9781723022461
South Africa,2005,4901.79443359375,1.163,8.409871101,470188845104.0,49490041.0,0.7308210730552673,94.65970611572266
South Africa,2006,5017.173828125,0.452,8.935194969,505574497707.0,49998271.0,1.315945029258728,94.73228454589844
South Africa,2007,5152.33203125,0.878,9.203380585,542976204451.0,50528575.0,1.2638051509857178,94.44001770019533
South Africa,2008,4982.7255859375,0.787,9.677716255,571660802378.0,51114595.0,0.6814045906066895,94.28549194335938
South Africa,2009,4790.39453125,0.801,9.173127174,574768021657.0,51728518.0,0.7813752293586731,94.0855941772461
South Africa,2010,4912.115234375,1.237,8.92847538,607601612432.0,52344047.0,0.6125043630599976,94.17543029785156
South Africa,2011,4894.970703125,0.547,8.949351311,645388107070.0,52995212.0,1.3448642492294312,93.74047088623048
South Africa,2012,4701.1513671875,0.722,8.579701424,660853021773.0,53782570.0,0.5855664014816284,94.384765625
South Africa,2013,4598.67529296875,0.821,8.34305191,677278303675.0,54678789.0,0.6524711847305298,93.83473205566406
South Africa,2014,4534.7734375,0.916,8.663355827,686853872664.0,55594840.0,1.6917219161987305,92.8955535888672
South Africa,2015,4380.8974609375,1.389,8.064963341,695933197143.0,56723536.0,2.607478380203247,92.49749755859376
South Africa,2016,4310.54736328125,1.647,7.982070446,700558003750.0,57259550.0,3.2316761016845703,90.82315063476562
South Africa,2017,4311.77783203125,1.191,7.63440752,708670169977.0,57635158.0,4.754252433776856,89.68409729003906
South Africa,2018,4292.56298828125,1.071,7.741729259,719458334697.0,58613001.0,4.869293689727783,90.6125717163086
South Korea,2001,6587.099609375,0.923,9.685312271,1127616204375.0,47043467.0,0.787401556968689,63.02762222290039
South Korea,2002,7019.3701171875,0.69,10.06498432,1203066586464.0,47299118.0,1.0331014394760132,63.094482421875
South Korea,2003,7319.2919921875,0.662,10.2119627,1229830453921.0,47514158.0,1.4693620204925537,61.24450302124024
South Korea,2004,7715.77685546875,1.237,10.30229664,1281243847324.0,47697076.0,1.2662354707717896,63.2166748046875
South Korea,2005,8139.11376953125,0.95,10.42154884,1322354601142.0,47851646.0,1.045009970664978,61.26787567138672
South Korea,2006,8394.4853515625,0.514,10.48770428,1381281470156.0,48006518.0,0.9876176118850708,62.10079574584961
South Korea,2007,8829.94140625,1.28,10.82874775,1446721509093.0,48178122.0,1.0484004020690918,65.35107421875
South Korea,2008,9153.0634765625,0.987,11.01508427,1477425172333.0,48356485.0,1.0031404495239258,64.89008331298828
South Korea,2009,9319.89453125,0.987,11.07840347,1477640571750.0,48546690.0,1.0188971757888794,66.32113647460938
South Korea,2010,10150.4365234375,0.524,12.18673992,1562822824921.0,48769329.0,1.1494252681732178,68.83219146728516
South Korea,2011,10547.21875,0.326,12.69026566,1609219825000.0,49127640.0,1.4281303882598877,68.71237182617188
South Korea,2012,10709.9697265625,0.412,12.66024876,1647889319531.0,49599580.0,1.537998080253601,70.1624526977539
South Korea,2013,10727.9296875,0.545,12.67357445,1700045113031.0,50071168.0,1.9044605493545528,72.2596664428711
South Korea,2014,10692.3251953125,1.081,12.45307159,1754480590300.0,50539055.0,2.3853585720062256,68.6701889038086
South Korea,2015,10744.56640625,1.035,12.43877316,1803763858886.0,50983909.0,2.774735450744629,67.14859771728516
South Korea,2016,10935.7431640625,1.722,12.43549633,1856920794289.0,51297836.0,3.231844186782837,67.89190673828125
South Korea,2017,11195.412109375,1.535,12.71285152,1915599559593.0,51486268.0,3.873978853225708,70.37525939941406
South Korea,2018,11481.404296875,1.04,12.97748089,1971285914824.0,51640894.0,4.688738822937012,72.79351806640625
Spain,2001,5734.4296875,1.369,7.540956497,1147959133197.0,41245602.0,21.152442932128903,51.51241683959961
Spain,2002,5873.2099609375,0.782,7.927736282,1191323484900.0,41755703.0,13.826017379760742,59.90579605102539
Spain,2003,6082.82861328125,1.566,7.893818378,1239651963472.0,42506540.0,21.667314529418945,54.28293991088867
Spain,2004,6327.8076171875,0.959,8.144856453,1289831715789.0,43234562.0,18.122989654541016,58.8807373046875
Spain,2005,6554.306640625,0.84,8.358880997,1348839731490.0,43958883.0,14.603055000305176,65.5185546875
Spain,2006,6540.0400390625,1.474,8.02921772,1415738502534.0,44695446.0,17.642681121826172,62.01495361328125
Spain,2007,6505.55224609375,0.791,8.051333427,1481143208580.0,45516501.0,19.313589096069336,62.43292236328125
Spain,2008,6461.54736328125,0.818,7.251736641,1510615290401.0,46235055.0,20.06197738647461,60.90254592895508
Spain,2009,6060.2314453125,1.3,6.350555897,1468765814163.0,46635182.0,25.481563568115234,56.370391845703125
Spain,2010,6179.91259765625,0.864,6.032926083,1480376411582.0,46840469.0,32.83076095581055,46.35325622558594
Spain,2011,6073.65771484375,1.571,6.02737999,1477187548437.0,46998040.0,30.02332305908203,50.17835998535156
Spain,2012,6013.61279296875,0.999,5.900511742,1433478645419.0,47018323.0,29.5866641998291,49.50161361694336
Spain,2013,5862.306640625,0.874,5.38000536,1413362053623.0,46860394.0,39.58289337158203,40.26149368286133
Spain,2014,5801.1328125,1.575,5.429298401,1433089409797.0,46720187.0,40.176361083984375,38.94111633300781
Spain,2015,5934.40771484375,1.49,5.788918495,1488098863146.0,46683683.0,35.02543640136719,44.33740615844727
Spain,2016,5956.6337890625,1.681,5.554018974,1533303930046.0,46732768.0,38.651641845703125,39.68969345092773
Spain,2017,6007.220703125,2.003,5.835120201,1578931492849.0,46868594.0,32.2821044921875,46.409427642822266
Spain,2018,5998.79150390625,1.109,5.701943874,1615001473949.0,47092817.0,38.27192687988281,41.17907333374024
Sri Lanka,2001,340.29986572265625,0.735,0.518239796,111509565283.0,19600361.0,46.776611328125,53.223388671875
Sri Lanka,2002,350.4032897949219,0.889,0.544626772,114770992462.0,19805750.0,38.90489959716797,61.095096588134766
Sri Lanka,2003,382.427001953125,0.798,0.53937906,121043287225.0,19951521.0,43.512451171875,56.487548828125
Sri Lanka,2004,402.7358703613281,0.713,0.592815459,127113013921.0,20087608.0,36.71199035644531,63.28800582885742
Sri Lanka,2005,436.276611328125,0.761,0.577237964,134388316813.0,20216531.0,39.342403411865234,60.657596588134766
Sri Lanka,2006,463.8269653320313,0.518,0.565188408,144414690368.0,20352416.0,49.25847625732422,50.74152755737305
Sri Lanka,2007,482.1265258789063,0.507,0.577948987,153829219297.0,20492546.0,40.18218612670898,59.81781005859375
Sri Lanka,2008,480.8676452636719,0.412,0.564643919,162474916511.0,20629377.0,41.93548202514648,58.06451797485352
Sri Lanka,2009,476.4786987304688,0.542,0.605714023,167647716585.0,20756438.0,39.63599395751953,60.36399841308594
Sri Lanka,2010,513.4323120117188,0.829,0.608109474,180642805306.0,20879092.0,53.45149230957031,46.54850387573242
Sri Lanka,2011,549.7630004882812,0.541,0.689044654,195461606183.0,21009054.0,41.21212387084961,58.78787612915039
Sri Lanka,2012,557.40673828125,0.803,0.726962268,212333854625.0,21169461.0,29.40678024291992,70.59321594238281
Sri Lanka,2013,560.8921508789062,0.69,0.662166774,220937614421.0,21358829.0,60.18364334106445,39.81636047363281
Sri Lanka,2014,577.7944946289062,0.831,0.792484164,235029015924.0,21547454.0,39.35742950439453,60.642574310302734
Sri Lanka,2015,607.916015625,0.851,0.882604599,244914328998.0,21729975.0,48.75094604492188,51.249053955078125
Sri Lanka,2016,653.1036987304688,1.203,1.019553065,257292293131.0,21910763.0,32.983924865722656,67.01607513427734
Sri Lanka,2017,674.13623046875,0.915,1.00364244,273915973018.0,22087525.0,31.02753448486328,68.97246551513672
Sri Lanka,2018,722.1460571289062,0.616,0.904896259,280243422762.0,22253116.0,43.870567321777344,56.12943649291992
Sweden,2001,17345.962890625,1.071,6.270480633,308398096624.0,8896018.0,51.55940246582031,3.8180692195892334
Sweden,2002,17037.44921875,1.571,6.345491409,317463771012.0,8925045.0,48.50034332275391,5.071574687957764
Sweden,2003,16545.302734375,0.913,6.387387753,326402407102.0,8958434.0,43.37838745117188,6.824728488922119
Sweden,2004,16618.10546875,1.2,6.27404356,341901244849.0,8993805.0,44.9854850769043,3.886249542236328
Sweden,2005,16719.138671875,1.825,5.956682682,354496929423.0,9029771.0,51.288204193115234,3.005809783935547
Sweden,2006,16443.796875,1.49,5.908274651,372234670461.0,9080628.0,49.59519577026367,3.657174587249756
Sweden,2007,16411.828125,1.94,5.780190468,387881844813.0,9148280.0,52.029293060302734,2.9700307846069336
Sweden,2008,16045.72265625,1.958,5.506071091,388980516356.0,9219903.0,54.30954360961914,3.0687124729156494
Sweden,2009,15194.5341796875,1.437,5.069860935,373026350439.0,9298738.0,58.426055908203125,3.3821372985839844
Sweden,2010,16050.99609375,-0.276,5.65443182,399838964466.0,9378234.0,55.29808044433594,5.746042251586914
Sweden,2011,15138.7470703125,1.275,5.197629452,397617949429.0,9449263.0,55.95554733276367,3.8062281608581534
Sweden,2012,15428.3681640625,1.323,4.895953655,395278763366.0,9519477.0,59.06632614135742,2.4573421478271484
Sweden,2013,14897.99609375,0.871,4.698225975,399973749048.0,9600620.0,54.03516006469727,2.5354506969451904
Sweden,2014,14225.8427734375,2.71,4.474297523,410604225974.0,9696438.0,55.84136581420898,1.9080489873886108
Sweden,2015,14225.2392578125,2.078,4.419635773,429037422635.0,9799483.0,63.2716064453125,1.9444445371627808
Sweden,2016,14527.453125,1.849,4.364320278,437921057919.0,9923281.0,57.174930572509766,2.347809314727783
Sweden,2017,14440.4423828125,1.593,4.211174965,449166531542.0,10057864.0,57.88223648071289,2.1128904819488525
Sweden,2018,14362.0888671875,1.853,4.113450527,457925387676.0,10175400.0,55.79701232910156,2.240450620651245
Switzerland,2001,8387.3125,1.461,6.23892355,325520166982.0,7226391.0,59.39479064941406,2.8712172508239746
Switzerland,2002,8366.828125,1.276,5.971782684,331802188855.0,7278744.0,55.19033432006836,3.1799416542053223
Switzerland,2003,8485.7724609375,1.861,6.088627815,337991874208.0,7333451.0,54.66789627075195,3.2598717212677
Switzerland,2004,8554.7568359375,0.981,6.125397682,353894703206.0,7384196.0,54.42304611206055,3.366212844848633
Switzerland,2005,8631.7978515625,0.813,6.159472466,371135459405.0,7431824.0,55.86505508422852,3.754325389862061
Switzerland,2006,8668.8349609375,1.101,6.066035748,393075108386.0,7478514.0,51.714149475097656,3.5087718963623047
Switzerland,2007,8531.0419921875,1.818,5.746480465,416832821635.0,7545386.0,54.914947509765625,3.0558481216430664
Switzerland,2008,8625.0107421875,1.208,5.849575043,433739216893.0,7641730.0,55.68317794799805,2.998209953308105
Switzerland,2009,8337.1630859375,1.375,5.625206947,431737407420.0,7737644.0,55.54222106933594,2.924853801727295
Switzerland,2010,8506.533203125,0.449,5.754551888,451139715920.0,7825750.0,56.7297477722168,3.3913700580596924
Switzerland,2011,8272.28515625,1.666,5.177061558,467103594697.0,7914379.0,54.10305404663086,3.4192113876342773
Switzerland,2012,8242.35546875,1.502,5.280982018,472611933649.0,7998927.0,59.48921203613281,3.170409679412842
Switzerland,2013,8192.8525390625,0.771,5.337024689,481081829913.0,8091199.0,59.2080307006836,2.9553062915802
Switzerland,2014,7886.21728515625,2.168,4.791575909,492386642888.0,8190238.0,58.03367233276367,2.6398401260375977
Switzerland,2015,7851.33642578125,1.974,4.67845726,500484653705.0,8283940.0,62.23701858520508,2.8151960372924805
Switzerland,2016,7763.67138671875,1.862,4.683609486,510838097521.0,8374903.0,61.88216400146485,3.502455234527588
Switzerland,2017,7771.80908203125,1.841,4.522790909,517799793781.0,8453630.0,62.77638626098633,3.3416457176208496
Switzerland,2018,7597.1591796875,2.355,4.33813858,532611137213.0,8516341.0,58.65138244628906,2.866194009780884
Syria,2001,1568.2054443359375,1.159,3.011076689,125631935247.0,17051337.0,12.864623069763184,87.1353759765625
Syria,2002,1606.9075927734375,0.863,2.331468821,128996142855.0,17468335.0,8.835055351257324,91.16494750976562
Syria,2003,1685.365234375,0.537,3.095555067,122501642286.0,17889297.0,9.177631378173828,90.82237243652344
Syria,2004,1724.393798828125,0.641,2.818991899,126515329154.0,18336879.0,13.0867280960083,86.91327667236328
Syria,2005,1882.099853515625,0.247,2.71933198,129657010670.0,18814092.0,12.056540489196776,87.94345092773438
Syria,2006,1868.91943359375,1.02,2.751944065,132870748696.0,19637016.0,10.592315673828123,89.40768432617188
Syria,2007,1871.2769775390625,0.774,3.206861258,138933398255.0,20884136.0,9.076804161071776,90.92320251464844
Syria,2008,1895.8646240234373,1.015,3.146713734,140064268758.0,21636566.0,7.062834739685059,92.93716430664062
Syria,2009,1968.879150390625,0.603,2.878524065,141886525419.0,21976971.0,4.383940696716309,95.61605834960938
Syria,2010,2050.04638671875,2.427,2.760260105,143781004115.0,22482417.0,5.641688346862793,94.35831451416016
Syria,2011,1816.14697265625,0.606,2.582304478,134274046453.0,22878104.0,7.241873741149902,92.75813293457033
Syria,2012,1417.8531494140625,0.97,2.035984039,98907693956.0,22759763.0,9.26557159423828,90.73442840576172
Syria,2013,1137.2174072265625,1.286,1.581051826,72894799336.0,21666921.0,12.038140296936035,87.96185302734375
Syria,2014,1041.2525634765625,1.097,1.719931722,65379097607.0,20273661.0,11.15294075012207,88.84705352783203
Syria,2015,913.7890014648438,1.251,1.601854324,63295273863.0,19424615.0,2.443087100982666,97.5569076538086
Syria,2016,943.0111694335938,1.736,1.51934278,59731474595.0,19193835.0,5.28343391418457,94.71656036376952
Syria,2017,931.09521484375,1.09,1.793189168,59296820428.0,19224671.0,4.2299346923828125,95.77005767822266
Syria,2018,1112.4818115234375,2.343,1.622821212,60171975441.0,19577849.0,3.49462366104126,96.50537872314452
Tajikistan,2001,2456.543701171875,1.388,0.356994331,11697951502.0,6407376.0,98.74913024902344,1.2508686780929563
Tajikistan,2002,2463.380859375,1.255,0.286664784,12792791823.0,6531674.0,99.08496856689452,0.915032684803009
Tajikistan,2003,2481.011474609375,0.553,0.311133206,14027448844.0,6658575.0,98.97032165527344,1.0296789407730105
Tajikistan,2004,2481.3876953125,1.412,0.377216578,15391086914.0,6790555.0,99.09036254882812,0.9096422791481018
Tajikistan,2005,2504.07177734375,0.782,0.352435529,16469329106.0,6924722.0,99.2978286743164,0.7021650075912476
Tajikistan,2006,2485.276123046875,1.657,0.376366168,17531184155.0,7057566.0,98.64146423339844,1.3585351705551147
Tajikistan,2007,2444.930419921875,1.175,0.448783994,18731098417.0,7194479.0,97.82733154296876,2.172670125961304
Tajikistan,2008,2320.668701171875,0.864,0.394775033,20202934540.0,7338402.0,97.83281707763672,2.167182683944702
Tajikistan,2009,2160.146728515625,0.865,0.326418996,20969201626.0,7490232.0,98.6352310180664,1.3647642135620115
Tajikistan,2010,2168.019775390625,1.416,0.33125174,22275913223.0,7652144.0,99.75668334960938,0.2433089911937713
Tajikistan,2011,2071.62158203125,1.474,0.299361736,23719353153.0,7824788.0,99.75370025634766,0.2463054209947586
Tajikistan,2012,2035.166259765625,-0.037,0.366165221,25498307279.0,8014087.0,99.58750915527344,0.4124926626682281
Tajikistan,2013,1967.9354248046875,1.24,0.353946626,27385180748.0,8216733.0,99.7662124633789,0.2337813973426818
Tajikistan,2014,1764.8680419921875,0.448,0.546696305,29219994834.0,8425559.0,99.00990295410156,0.9900990128517152
Tajikistan,2015,1830.205322265625,1.336,0.613913238,30973186706.0,8643839.0,99.06759643554688,0.9324009418487548
Tajikistan,2016,1794.5721435546875,1.633,0.678563058,33110336724.0,8865623.0,96.4617156982422,3.538283109664917
Tajikistan,2017,1849.0101318359373,1.357,0.757157385,35461181351.0,9085942.0,94.58861541748048,5.411375045776367
Tajikistan,2018,1864.119140625,1.688,0.868225873,38156222428.0,9307345.0,93.16109466552734,6.838905811309815
Tanzania,2001,81.82212829589844,0.442,0.086390816,42445346863.0,35198303.0,94.69965362548828,5.300353527069092
Tanzania,2002,81.39241790771484,0.664,0.096497521,46583070535.0,36121301.0,95.50172424316406,4.498269557952881
Tanzania,2003,74.41448211669922,1.015,0.099414542,50824600990.0,37089555.0,95.94095611572266,4.059040546417236
Tanzania,2004,69.79856872558594,0.867,0.110766731,55891196644.0,38109666.0,78.92720031738281,21.072797775268555
Tanzania,2005,94.6861343383789,1.117,0.136690468,61018758994.0,39182083.0,50.0,50.0
Tanzania,2006,88.59681701660156,0.957,0.145830885,65508013137.0,40294900.0,42.73504257202149,57.26495742797852
Tanzania,2007,103.7757339477539,0.856,0.137711495,72909539423.0,41435508.0,60.84905624389648,39.15094375610352
Tanzania,2008,105.70643615722656,0.54,0.140675753,78993514738.0,42570728.0,60.89888000488281,39.10112380981445
Tanzania,2009,111.381103515625,0.99,0.133095413,85446168824.0,43633975.0,56.25,43.749996185302734
Tanzania,2010,120.424072265625,1.125,0.160731718,93371216148.0,44758491.0,52.15760040283203,47.84239959716797
Tanzania,2011,113.40584564208984,0.82,0.183367893,103624510902.0,46029371.0,40.03868103027344,59.96131134033203
Tanzania,2012,120.95175170898438,0.903,0.218842447,108951852558.0,47374261.0,32.451499938964844,67.54850006103516
Tanzania,2013,123.91413116455078,0.938,0.230449021,116340969671.0,48824134.0,30.05008316040039,69.94992065429688
Tanzania,2014,125.5176010131836,0.938,0.218413204,124173043529.0,50351506.0,42.65175628662109,57.34823989868164
Tanzania,2015,126.87194061279295,1.185,0.245721579,131823350494.0,52020958.0,33.53751754760742,66.46247863769531
Tanzania,2016,128.56715393066406,1.022,0.251364619,140875654933.0,53824012.0,36.21700668334961,63.782989501953125
Tanzania,2017,129.0139617919922,1.461,0.242817357,150417154803.0,55652888.0,34.79490661621094,65.20509338378906
Tanzania,2018,129.35882568359375,1.062,0.247802451,160884699826.0,57437134.0,31.73734474182129,68.26264953613281
Thailand,2001,1629.193115234375,0.579,2.706421852,596448007832.0,63651137.0,6.723438262939453,93.27655792236328
Thailand,2002,1728.1182861328125,0.59,2.873435736,630177413705.0,64266433.0,7.488011360168457,92.5119857788086
Thailand,2003,1822.3115234375,0.724,2.945786238,672602585235.0,64868164.0,7.279626846313477,92.72036743164062
Thailand,2004,1944.17138671875,0.461,3.167673111,712165919937.0,65452049.0,6.235398292541504,93.7646026611328
Thailand,2005,2034.311767578125,0.805,3.246494055,739238460898.0,66017415.0,5.77321195602417,94.22679138183594
Thailand,2006,2123.40283203125,0.603,3.242183685,773067090714.0,66567685.0,7.296388149261475,92.70361328125
Thailand,2007,2179.80322265625,0.467,3.339412689,811667437725.0,67102388.0,7.310741901397705,92.68926239013672
Thailand,2008,2177.76318359375,0.327,3.316316128,822020817321.0,67619835.0,6.277502536773682,93.72249603271484
Thailand,2009,2158.656494140625,0.429,3.359257221,812859746470.0,68121077.0,6.346813201904297,93.65319061279295
Thailand,2010,2384.2421875,1.236,3.514449358,870109340511.0,68579443.0,5.565780162811279,94.43421936035156
Thailand,2011,2358.30419921875,0.194,3.548588037,873642799890.0,69007212.0,7.827788352966309,92.17221069335938
Thailand,2012,2557.459716796875,0.857,3.778260946,936920832597.0,69436091.0,8.078834533691406,91.92115783691406
Thailand,2013,2576.128662109375,1.072,3.776262999,962095812070.0,69845112.0,7.501185894012451,92.49881744384766
Thailand,2014,2619.759765625,0.665,3.880686045,971562808709.0,70216362.0,8.177947044372559,91.82205963134766
Thailand,2015,2693.193603515625,1.244,3.928205729,1002011619070.0,70540787.0,7.765843868255615,92.23416137695312
Thailand,2016,2797.21240234375,1.547,4.008553982,1036430730493.0,70859835.0,8.936714172363281,91.0632781982422
Thailand,2017,2811.26318359375,1.127,3.981828213,1079732734924.0,71160183.0,11.107338905334473,88.89266967773438
Thailand,2018,2848.853515625,0.883,4.039237022,1125329902301.0,71376081.0,14.356436729431152,85.64356994628906
The Gambia,2001,100.3329086303711,1.357,0.200965464,2082662873.0,1495023.0,0.0,100.0
The Gambia,2002,97.67533111572266,1.42,0.195642382,2108436308.0,1535700.0,0.0,100.0
The Gambia,2003,107.75732421875,1.064,0.190443948,2172586623.0,1577619.0,0.0,100.0
The Gambia,2004,117.1892547607422,1.103,0.196611509,2391385185.0,1621309.0,0.0,100.0
The Gambia,2005,119.9734878540039,1.413,0.19121854,2386414713.0,1667035.0,0.0,100.0
The Gambia,2006,128.25857543945312,1.187,0.202928379,2432257588.0,1715285.0,0.0,100.0
The Gambia,2007,130.2541961669922,1.095,0.197125569,2539291281.0,1765778.0,0.0,100.0
The Gambia,2008,132.0234375,1.367,0.199540228,2704420689.0,1817859.0,0.0,100.0
The Gambia,2009,128.2443084716797,0.698,0.199702039,2899496318.0,1871428.0,0.0,100.0
The Gambia,2010,129.75997924804688,1.405,0.224407956,3111135545.0,1926634.0,0.0,100.0
The Gambia,2011,126.02172088623048,1.129,0.22348389,3000862000.0,1983785.0,0.0,100.0
The Gambia,2012,122.3632583618164,0.991,0.220582768,3174000000.0,2043097.0,0.0,100.0
The Gambia,2013,118.8311767578125,1.106,0.203766003,3327261000.0,2103825.0,0.0,100.0
The Gambia,2014,115.4982452392578,1.281,0.233598426,3357018000.0,2164535.0,0.0,100.0
The Gambia,2015,125.8692855834961,1.269,0.261887223,3514848000.0,2224530.0,0.0,100.0
The Gambia,2016,131.3614501953125,1.684,0.258302152,3558432648.0,2283775.0,0.0,100.0
The Gambia,2017,132.35470581054688,1.791,0.254988611,3704517995.0,2342191.0,0.0,100.0
The Gambia,2018,162.52484130859375,1.075,0.270261317,3947001965.0,2399633.0,0.0,100.0
Togo,2001,112.15026092529295,0.733,0.219599813,5728350754.0,4904135.0,38.46154022216797,61.5384635925293
Togo,2002,117.36322784423828,0.813,0.244301289,5709447507.0,5027128.0,56.25000381469727,43.75
Togo,2003,124.17267608642578,1.052,0.325049728,6045966479.0,5154113.0,66.66666412353516,33.33333206176758
Togo,2004,128.7556915283203,0.785,0.306139737,6257433355.0,5281320.0,42.105262756347656,57.89473724365234
Togo,2005,129.314697265625,1.002,0.294559091,6399681696.0,5413151.0,36.84210586547852,63.15789413452149
Togo,2006,129.27183532714844,1.045,0.249640271,6714729819.0,5569659.0,40.90909194946289,59.09090805053711
Togo,2007,121.77223205566406,0.899,0.245097965,6923652593.0,5748437.0,52.6315803527832,47.36842346191406
Togo,2008,134.76771545410156,0.784,0.239098921,7155226201.0,5936140.0,69.23077392578125,30.76923179626465
Togo,2009,143.5341796875,0.919,0.387012362,7467517725.0,6130944.0,73.33332824707031,26.66666412353516
Togo,2010,147.01718139648438,1.294,0.385541916,7846071439.0,6325791.0,40.90909194946289,59.09090805053711
Togo,2011,163.06243896484375,0.908,0.3620224,8309244000.0,6500577.0,47.619049072265625,52.38095474243164
Togo,2012,192.3736114501953,0.613,0.312027782,8791743000.0,6653719.0,28.12500190734864,71.875
Togo,2013,144.14199829101562,0.821,0.224450707,9242968000.0,6798851.0,12.5,87.5
Togo,2014,262.3367919921875,1.014,0.199479505,9806234000.0,6937647.0,34.28571319580078,65.71428680419922
Togo,2015,142.82684326171875,1.206,0.234674975,10346240000.0,7071500.0,13.63636302947998,86.36363220214844
Togo,2016,234.6934509277344,1.181,0.291747689,10960546310.0,7200883.0,21.276596069335938,78.72340393066406
Togo,2017,211.6220245361328,1.282,0.23730287,11420230383.0,7324379.0,25.92592430114746,74.0740737915039
Togo,2018,198.43917846679688,1.101,0.246262461,11989462252.0,7458205.0,34.999996185302734,64.99999237060547
Trinidad and Tobago,2001,4254.763671875,1.182,20.17221642,25814786793.0,1325573.0,0.5319148898124695,99.46808624267578
Trinidad and Tobago,2002,4234.18017578125,0.971,21.53315735,27665233734.0,1332017.0,0.5319148898124695,99.46808624267578
Trinidad and Tobago,2003,4810.57275390625,1.228,24.17979813,31435997895.0,1338718.0,0.1552795022726059,99.84471893310548
Trinidad and Tobago,2004,4779.29736328125,0.807,24.2966423,33689560531.0,1345386.0,0.3110419809818268,99.68895721435548
Trinidad and Tobago,2005,5214.3427734375,1.483,28.25721931,35495977662.0,1352040.0,0.2836879193782806,99.71630859375
Trinidad and Tobago,2006,5277.080078125,1.073,31.43277168,39852731106.0,1358706.0,0.4184100329875946,99.5815887451172
Trinidad and Tobago,2007,5624.8037109375,0.981,33.37061691,41413662308.0,1365381.0,0.2604166567325592,99.73958587646484
Trinidad and Tobago,2008,5633.7412109375,0.887,32.39036942,42494149374.0,1372090.0,0.2587321996688843,99.74126434326172
Trinidad and Tobago,2009,5685.04833984375,1.054,32.20862198,40299152132.0,1379056.0,0.2551020383834839,99.7448959350586
Trinidad and Tobago,2010,6115.4267578125,1.685,33.96106339,41285434067.0,1386657.0,0.0,100.0
Trinidad and Tobago,2011,6279.615234375,1.069,33.7231102,40819362692.0,1394990.0,0.0,100.0
Trinidad and Tobago,2012,6496.5869140625,1.145,32.88119507,42669299120.0,1403814.0,0.0,100.0
Trinidad and Tobago,2013,6724.91162109375,1.311,32.42066193,44309506041.0,1412658.0,0.0,100.0
Trinidad and Tobago,2014,6621.4677734375,1.224,32.97773743,45781910542.0,1421135.0,0.0,100.0
Trinidad and Tobago,2015,6696.1005859375,1.428,31.85977745,45435797433.0,1429190.0,0.1044932082295417,99.89551544189452
Trinidad and Tobago,2016,6555.18212890625,1.516,27.74286461,42362516644.0,1437031.0,0.1061571091413497,99.89383697509766
Trinidad and Tobago,2017,6448.64404296875,1.695,27.88201141,40368511597.0,1445265.0,0.1072961390018463,99.89270782470705
Trinidad and Tobago,2018,6276.6826171875,1.121,27.41023636,40016907555.0,1470522.0,0.1083423644304275,99.89166259765624
Tunisia,2001,1154.03955078125,1.848,2.052808285,75444595962.0,9869679.0,0.6151142120361328,99.3848876953125
Tunisia,2002,1181.3643798828125,1.111,2.043824434,76877531228.0,9971521.0,0.7601351737976074,99.23986053466795
Tunisia,2003,1117.990966796875,1.557,2.089185476,81240064067.0,10071638.0,1.6843972206115725,98.31560516357422
Tunisia,2004,1170.5489501953125,0.776,2.178220987,86232298416.0,10166170.0,1.592623591423035,98.4073715209961
Tunisia,2005,1234.462646484375,0.892,2.195501328,89804282207.0,10255474.0,1.421800971031189,98.57819366455078
Tunisia,2006,1264.2069091796875,1.111,2.214771271,95016289901.0,10346408.0,0.9946442246437072,99.00535583496094
Tunisia,2007,1314.9193115234375,1.221,2.36792779,101101822575.0,10441705.0,0.6550218462944031,99.34497833251952
Tunisia,2008,1362.0880126953125,1.215,2.414311409,105766317552.0,10542637.0,0.487125962972641,99.51287841796876
Tunisia,2009,1436.5277099609375,0.687,2.380448103,109299724050.0,10650682.0,1.179554462432861,98.82044219970705
Tunisia,2010,1477.8026123046875,1.589,2.591467619,112484995734.0,10765984.0,1.1957205533981323,98.80427551269533
Tunisia,2011,1494.5745849609375,0.86,2.427807093,110760053250.0,10886041.0,0.9815950989723206,99.01840209960938
Tunisia,2012,1616.7635498046875,1.414,2.560869455,115430801370.0,11009649.0,1.7376681566238403,98.26233673095705
Tunisia,2013,1622.7813720703125,1.24,2.582560778,118235775346.0,11141365.0,2.3704521656036377,97.62954711914062
Tunisia,2014,1674.605712890625,1.671,2.649795294,121889250523.0,11274295.0,3.1101739406585693,96.88982391357422
Tunisia,2015,1699.6614990234375,1.047,2.752130747,123069138453.0,11402270.0,2.977412700653076,97.02259063720705
Tunisia,2016,1692.3018798828125,1.716,2.686473608,124443824545.0,11528676.0,3.2093734741210938,96.79063415527344
Tunisia,2017,1763.8720703125,1.227,2.71893096,127228891219.0,11650504.0,2.915452003479004,97.08454895019533
Tunisia,2018,1769.5782470703125,1.362,2.645163536,130568635947.0,11765515.0,2.629063129425049,97.37094116210938
Turkey,2001,1907.9139404296875,1.542,3.273787737,732284634333.0,66245125.0,19.91164970397949,80.0883560180664
Turkey,2002,1962.89892578125,0.814,3.345619678,796073298321.0,67048792.0,26.436243057250977,73.56375122070312
Turkey,2003,2065.55224609375,0.323,3.53593421,848549642280.0,67831735.0,25.48373413085937,74.51627349853516
Turkey,2004,2173.265869140625,0.613,3.613261223,931152861082.0,68592621.0,30.92487525939941,69.07512664794922
Turkey,2005,2314.59716796875,0.453,3.861422062,1017383777200.0,69329557.0,24.58702087402344,75.41297912597656
Turkey,2006,2492.528076171875,0.902,4.074923038,1096826103018.0,70045351.0,25.25957489013672,74.74042510986328
Turkey,2007,2684.924560546875,0.997,4.473423958,1158406990670.0,70750593.0,19.03717613220215,80.96282196044922
Turkey,2008,2767.377197265625,0.874,4.368613243,1179868355277.0,71562343.0,17.35141372680664,82.64859008789062
Turkey,2009,2678.26416015625,0.697,4.396172047,1122756788420.0,72464846.0,19.58318519592285,80.41681671142578
Turkey,2010,2868.701904296875,2.395,4.345253944,1240496805446.0,73346766.0,26.38507652282715,73.61492919921875
Turkey,2011,3103.1376953125,0.416,4.638063431,1364782716000.0,74215203.0,25.32368469238281,74.67631530761719
Turkey,2012,3222.992431640625,0.996,4.769388199,1430132002360.0,75197196.0,27.22869300842285,72.77130126953125
Turkey,2013,3224.3486328125,1.372,4.589262486,1551491738617.0,76403032.0,28.82365226745605,71.17634582519531
Turkey,2014,3296.0361328125,1.333,4.706429482,1628131977724.0,78036154.0,20.88509559631348,79.11490631103516
Turkey,2015,3320.784423828125,0.808,4.845437527,1727192876718.0,80014222.0,31.955535888671875,68.04446411132812
Turkey,2016,3420.36572265625,1.585,4.966832638,1784590365590.0,81652087.0,32.88629913330078,67.11370849609375
Turkey,2017,3571.21923828125,0.761,5.182988167,1918472081554.0,83083667.0,29.345083236694336,70.65491485595703
Turkey,2018,3548.143798828125,2.617,5.02059412,1975637604336.0,84415966.0,32.257205963134766,67.7427978515625
Turkmenistan,2001,2059.709716796875,1.564,7.279391766,22282743473.0,4675416.0,0.0,100.0
Turkmenistan,2002,2021.187744140625,1.83,6.317427635,26092440396.0,4769473.0,0.0,100.0
Turkmenistan,2003,2000.464111328125,0.089,8.340591431,30907677346.0,4863871.0,0.0,100.0
Turkmenistan,2004,2168.173095703125,1.685,9.954457283,35857575608.0,4958091.0,0.0,100.0
Turkmenistan,2005,2288.0849609375,1.326,9.486578941,41000508021.0,5052260.0,0.0,100.0
Turkmenistan,2006,2391.63671875,1.729,9.616981506,46019998793.0,5147103.0,0.0,100.0
Turkmenistan,2007,2559.09228515625,1.139,9.378811836,51693703669.0,5244047.0,0.0,100.0
Turkmenistan,2008,2536.934814453125,0.755,11.12030888,60001295021.0,5345033.0,0.0,100.0
Turkmenistan,2009,2643.26220703125,1.128,9.623301506,64409212896.0,5451597.0,0.0,100.0
Turkmenistan,2010,2560.943359375,1.957,10.63628387,71115148352.0,5564356.0,0.0,100.0
Turkmenistan,2011,2581.195556640625,1.151,11.46407509,82520290491.0,5683413.0,0.0,100.0
Turkmenistan,2012,2587.565673828125,0.845,11.52416039,87581261691.0,5808548.0,0.0,100.0
Turkmenistan,2013,2697.265869140625,1.689,10.83277893,87286119372.0,5939348.0,0.0,100.0
Turkmenistan,2014,2829.49658203125,0.75,10.33685398,90639646545.0,6075286.0,0.0,100.0
Turkmenistan,2015,3109.830322265625,1.438,10.15025425,93346148579.0,6215773.0,0.0,100.0
Turkmenistan,2016,3039.28857421875,2.025,9.76266098,92434154525.0,6360041.0,0.0,100.0
Turkmenistan,2017,3179.62109375,1.71,9.675110817,96785037864.0,6507065.0,0.0,100.0
Turkmenistan,2018,3329.5654296875,1.563,9.210644722,97638670425.0,6655523.0,0.0,100.0
Uganda,2001,57.78786849975586,0.31,0.057266083,31387264047.0,24745678.0,99.3710708618164,0.6289308071136475
Uganda,2002,57.181190490722656,0.866,0.056498032,33626854165.0,25532872.0,99.4186019897461,0.5813953280448914
Uganda,2003,60.336692810058594,1.029,0.057405051,35593796200.0,26352124.0,99.44444274902344,0.5555555820465088
Uganda,2004,64.44600677490234,0.839,0.059197746,37411396915.0,27154513.0,100.0,0.0
Uganda,2005,67.94622802734375,1.409,0.072163939,40921116463.0,27963287.0,96.4285659790039,3.5714285373687744
Uganda,2006,55.56712341308594,1.201,0.082900934,43572248099.0,28794005.0,76.25,23.75
Uganda,2007,67.10858154296875,0.592,0.091265172,46853864818.0,29653437.0,73.0,27.00000190734864
Uganda,2008,75.6396255493164,0.774,0.091016874,51468911832.0,30539547.0,74.24893188476562,25.751075744628903
Uganda,2009,75.3549575805664,1.381,0.095263109,55303695281.0,31451147.0,63.63636016845703,36.3636360168457
Uganda,2010,83.35700225830078,1.502,0.110204712,59228535712.0,32390801.0,59.489051818847656,40.51094818115234
Uganda,2011,78.25021362304688,1.097,0.114758976,62855840742.0,33354541.0,61.27819442749024,38.7218017578125
Uganda,2012,82.70855712890625,1.138,0.105627775,64322268140.0,34337436.0,89.99999237060547,9.999999046325684
Uganda,2013,85.17971801757812,1.094,0.106249109,66855286085.0,35337050.0,100.0,0.0
Uganda,2014,85.17526245117188,1.147,0.11236722,70696115682.0,36395542.0,97.213623046875,2.7863779067993164
Uganda,2015,92.72225189208984,1.202,0.120660134,76356053069.0,37531444.0,97.7464828491211,2.253521203994751
Uganda,2016,94.07421875,1.298,0.124162994,76477462940.0,38799153.0,98.14323425292967,1.8567639589309688
Uganda,2017,86.86479187011719,1.75,0.134558335,81700865546.0,40177384.0,98.1481475830078,1.85185182094574
Uganda,2018,98.63868713378906,1.087,0.133490607,86196050499.0,41565839.0,92.79069519042967,7.209301948547363
Ukraine,2001,3466.72607421875,1.79,6.188057423,281110336028.0,49106854.0,6.95326042175293,49.09405517578125
Ukraine,2002,3511.083740234375,1.534,6.078829765,301087057315.0,48677280.0,5.545020580291748,49.64086532592773
Ukraine,2003,3635.2998046875,-0.271,6.359195709,335257370240.0,48315133.0,5.133459091186523,49.78403091430664
Ukraine,2004,3691.3681640625,0.903,6.474134922,381078098070.0,47979502.0,6.4569172859191895,45.84520721435547
Ukraine,2005,3741.47119140625,1.001,6.588396072,399366244154.0,47585558.0,6.652717113494873,45.72670364379883
Ukraine,2006,3874.26123046875,0.245,7.044488907,436786761547.0,47278691.0,6.678374290466309,46.72279357910156
Ukraine,2007,3975.114013671875,2.36,7.157006264,480580682697.0,47062802.0,5.335031986236572,47.51082611083984
Ukraine,2008,3969.528076171875,1.608,6.962605476,499592169886.0,46819168.0,6.13770866394043,47.2115478515625
Ukraine,2009,3632.055908203125,1.585,5.953906536,431074416655.0,46623731.0,6.981164455413818,45.25661087036133
Ukraine,2010,3977.0966796875,1.623,6.336443424,439429783004.0,46455997.0,7.091409683227539,45.69430923461914
Ukraine,2011,4074.0390625,0.553,6.659267902,471221167316.0,46307854.0,5.739933013916016,47.96614837646485
Ukraine,2012,4055.611328125,1.929,6.587958336,472276721174.0,46210051.0,5.646620750427246,49.029563903808594
Ukraine,2013,3999.413818359375,1.481,6.450490475,472286166147.0,46126760.0,7.773833274841309,49.41606521606445
Ukraine,2014,3793.36474609375,1.671,5.605606079,441233307180.0,45972379.0,5.562848567962647,46.08905029296875
Ukraine,2015,3545.49169921875,2.025,4.889162064,398045419167.0,45784904.0,4.337732315063477,42.1248779296875
Ukraine,2016,3525.67236328125,2.059,5.1320014,407666198456.0,45616831.0,5.626442909240723,45.18775177001953
Ukraine,2017,3320.27197265625,1.363,4.914331913,417287091525.0,45436037.0,6.95975399017334,38.1953353881836
Ukraine,2018,3401.763427734375,2.178,5.129520416,431842093109.0,45208903.0,8.15088176727295,39.052921295166016
United Arab Emirates,2001,11593.630859375,0.59,27.36482048,177271829556.0,3723596.0,0.0,100.0
United Arab Emirates,2002,11840.2890625,1.16,21.53568649,195394872658.0,3956829.0,0.0,100.0
United Arab Emirates,2003,11794.970703125,1.022,25.54722214,224547226340.0,4192465.0,0.0,100.0
United Arab Emirates,2004,11833.466796875,1.007,25.39388657,252047957126.0,4428964.0,0.0,100.0
United Arab Emirates,2005,13012.3564453125,0.67,24.71131897,262413275144.0,4664797.0,0.0,100.0
United Arab Emirates,2006,12465.2978515625,1.224,24.50001717,307378573765.0,5009106.0,0.0,100.0
United Arab Emirates,2007,14002.6748046875,0.752,23.84208679,367816178792.0,5624640.0,0.0,100.0
United Arab Emirates,2008,12766.0205078125,0.735,24.59757614,464692468324.0,6302669.0,0.0,100.0
United Arab Emirates,2009,12777.57421875,0.872,25.21045494,480551549339.0,6707063.0,0.011668611317873,99.98833465576172
United Arab Emirates,2010,13540.6396484375,1.499,26.78559113,490048925162.0,6938372.0,0.0212879199534654,99.9787139892578
United Arab Emirates,2011,13766.3564453125,1.19,27.57413101,551070287560.0,7199436.0,0.020175527781248,99.97982788085938
United Arab Emirates,2012,14162.7685546875,1.156,27.78713799,577394943300.0,7497122.0,0.0188306178897619,99.98117065429688
United Arab Emirates,2013,14041.380859375,0.848,27.34833145,606587973942.0,7831851.0,0.0818256288766861,99.91817474365234
United Arab Emirates,2014,14144.9189453125,1.011,26.04509735,631858461256.0,8236880.0,0.2660031020641327,99.73400115966795
United Arab Emirates,2015,14683.0419921875,1.652,25.94286537,674742705535.0,8674633.0,0.2355157881975174,99.76448822021484
United Arab Emirates,2016,14421.640625,1.178,25.23540306,712265114847.0,9030873.0,0.2468945235013961,99.75309753417967
United Arab Emirates,2017,14561.9658203125,1.717,21.27851486,717500233045.0,9234330.0,0.5573307275772095,99.4426727294922
United Arab Emirates,2018,14548.185546875,1.576,21.83670044,726928170282.0,9346870.0,0.8822881579399109,99.11771392822266
United States,2001,13189.830078125,0.789,20.76674271,13073810008320.0,284279634.0,7.513205528259277,71.86128997802734
United States,2002,13463.673828125,0.955,20.71802139,13307343638671.0,287084335.0,8.749216079711914,70.95907592773438
United States,2003,13367.546875,0.99,20.71842766,13680911930765.0,289908091.0,9.025211334228516,71.23475646972656
United States,2004,13536.359375,0.863,20.87374306,14198910513593.0,292786248.0,8.733410835266113,71.31365966796875
United States,2005,13728.580078125,1.155,20.71883011,14673826218839.0,295716666.0,8.74946403503418,71.87031555175781
United States,2006,13608.8017578125,1.03,20.23674202,15065164240312.0,298730208.0,9.418474197387695,71.12930297851562
United States,2007,13827.728515625,1.15,20.28046989,15333183877566.0,301844223.0,8.398409843444824,72.13493347167969
United States,2008,13576.2392578125,0.215,19.40917206,15288552732632.0,304970325.0,9.180943489074709,71.19145202636719
United States,2009,12901.193359375,0.405,17.81067085,14864003344421.0,308023452.0,10.547689437866213,69.1760025024414
United States,2010,13308.953125,0.707,18.22542,15239586726210.0,311062785.0,10.318089485168455,70.06640625
United States,2011,13136.1142578125,0.541,17.63414192,15477885525000.0,314105075.0,12.466524124145508,68.20783996582031
United States,2012,12890.9873046875,1.46,16.81239128,15830886903539.0,317115349.0,12.184118270874023,68.7762222290039
United States,2013,12850.2099609375,0.618,17.09856987,16122472460312.0,320110752.0,12.831114768981934,67.71385192871094
United States,2014,12841.2958984375,0.514,17.11891747,16491319003554.0,323115377.0,13.35031032562256,67.18758392333984
United States,2015,12727.1474609375,1.535,16.46139336,16937633974582.0,326126496.0,13.626134872436523,66.85423278808594
United States,2016,12619.4404296875,2.206,15.93465805,17220065720000.0,329179423.0,15.288092613220217,65.0011215209961
United States,2017,12367.73828125,1.415,15.63920784,17606124654726.0,332204657.0,17.451526641845703,62.68449020385742
United States,2018,12672.5185546875,1.254,16.00099182,18124692769570.0,335056492.0,17.449989318847656,63.34091567993164
Uruguay,2001,2443.302490234375,1.301,1.539437175,40598224745.0,3274257.0,99.78377532958984,0.2162162065505981
Uruguay,2002,2400.218505859375,0.681,1.393527627,37250866884.0,3278868.0,99.68749237060548,0.3124999701976776
Uruguay,2003,2401.5693359375,0.373,1.382767439,37483201754.0,3281188.0,99.8834457397461,0.1165501177310943
Uruguay,2004,2506.7333984375,0.536,1.697799444,39270203111.0,3283157.0,81.69491577148438,18.305084228515625
Uruguay,2005,2562.560546875,0.877,1.746042371,41988118660.0,3285776.0,87.5,12.5
Uruguay,2006,2565.733154296875,0.645,2.009720802,43608062782.0,3289508.0,64.63195037841797,35.3680419921875
Uruguay,2007,2788.943115234375,0.231,1.808641434,46197426762.0,3295155.0,86.99359893798828,13.006396293640137
Uruguay,2008,2937.44970703125,0.785,2.488528252,49265998696.0,3302184.0,61.2314682006836,38.76852798461914
Uruguay,2009,2990.852294921875,0.577,2.413920403,50291695148.0,3310093.0,68.16608428955078,31.83390998840332
Uruguay,2010,3139.896240234375,0.333,1.904984117,54642867455.0,3318581.0,89.19925689697266,10.800745010375977
Uruguay,2011,3246.334716796875,0.526,2.310456276,57427770581.0,3326829.0,74.66150665283203,25.338489532470703
Uruguay,2012,3342.921142578125,0.938,2.579765081,59459565927.0,3335406.0,64.62263488769531,35.37735748291016
Uruguay,2013,3422.676513671875,0.252,2.239228725,62217298965.0,3345335.0,84.13379669189453,15.866209983825684
Uruguay,2014,3488.916259765625,1.255,1.991399288,64232518554.0,3356343.0,94.76117706298828,5.238829135894775
Uruguay,2015,3687.62451171875,1.16,2.000619888,64470831197.0,3368022.0,93.15866088867188,6.841339111328125
Uruguay,2016,3882.48486328125,0.411,1.92952013,65560386931.0,3379279.0,96.82769012451172,3.172314405441284
Uruguay,2017,3804.10595703125,1.664,1.815295458,66627711123.0,3388444.0,98.4668960571289,1.533100962638855
Uruguay,2018,3956.35595703125,1.344,1.935579181,66946183643.0,3394538.0,97.5359344482422,2.464065790176392
Uzbekistan,2001,1931.0260009765625,1.578,5.030732632,119890046302.0,25090289.0,9.090909957885742,90.90908813476562
Uzbekistan,2002,1941.7332763671875,1.853,5.21955204,122757832356.0,25399987.0,12.186234474182127,87.81376647949219
Uzbekistan,2003,1895.2784423828125,0.164,5.06765604,125924032405.0,25711261.0,16.762413024902344,83.23758697509766
Uzbekistan,2004,1899.778564453125,1.948,4.959755898,133132057133.0,26029350.0,12.273641586303713,87.72635650634766
Uzbekistan,2005,1798.005859375,1.389,4.613641262,140239285325.0,26356977.0,18.73295783996582,81.26705169677734
Uzbekistan,2006,1831.526123046875,1.6,4.678024769,148405074458.0,26699046.0,9.428224563598633,90.57176971435548
Uzbekistan,2007,1847.022216796875,1.397,4.573151112,159993748436.0,27076013.0,9.526723861694336,90.47327423095705
Uzbekistan,2008,1830.16552734375,0.722,4.669499397,171692630381.0,27494780.0,8.94066047668457,91.05933380126952
Uzbekistan,2009,1791.38134765625,1.086,3.909533501,182715813772.0,27939333.0,12.93413257598877,87.06587219238281
Uzbekistan,2010,1789.6455078125,1.809,3.793070555,195160171269.0,28385509.0,15.759090423583984,84.24090576171875
Uzbekistan,2011,1806.53125,1.072,4.050716877,208063390835.0,28823194.0,10.795454025268556,89.20454406738281
Uzbekistan,2012,1788.331787109375,0.7,4.061948776,222840047403.0,29261908.0,12.54716968536377,87.45282745361328
Uzbekistan,2013,1807.626220703125,1.552,3.781270266,239100684823.0,29724065.0,10.43764877319336,89.56234741210938
Uzbekistan,2014,1818.8138427734373,0.193,3.556749582,255536474727.0,30222994.0,10.887892723083496,89.11210632324219
Uzbekistan,2015,1825.0792236328125,1.423,3.361813545,273983640646.0,30749349.0,11.879464149475098,88.12053680419922
Uzbekistan,2016,1828.697265625,2.306,3.510911465,290236358613.0,31284565.0,11.684551239013672,88.31544494628906
Uzbekistan,2017,1891.941162109375,1.807,3.421926737,302992216928.0,31819172.0,13.05062484741211,86.94937896728516
Uzbekistan,2018,1938.623291015625,1.063,3.160928011,320808179800.0,32373489.0,9.35866928100586,90.64132690429688
Venezuela,2001,3606.094482421875,0.778,5.228908062,343312598582.0,24979934.0,67.07357788085938,32.926422119140625
Venezuela,2002,3616.573974609375,1.09,6.456794262,314003719638.0,25435674.0,64.81219482421875,35.18780517578125
Venezuela,2003,3535.358154296875,1.076,5.961680412,291333920302.0,25892710.0,65.82925415039062,34.170745849609375
Venezuela,2004,3755.764404296875,0.948,5.422835827,346317458927.0,26340843.0,71.10095977783203,28.89903450012207
Venezuela,2005,3912.89453125,1.198,5.540557861,383570387195.0,26785797.0,73.28020477294922,26.719802856445312
Venezuela,2006,4035.6748046875,0.968,5.724260807,423878563812.0,27224691.0,73.899658203125,26.10034370422364
Venezuela,2007,4111.12451171875,1.029,5.57580471,462276737389.0,27649369.0,72.72567749023438,27.27431869506836
Venezuela,2008,4235.8056640625,0.855,5.552149296,488287068325.0,28053694.0,72.79127502441406,27.208715438842773
Venezuela,2009,4191.53076171875,1.131,5.351083279,474358611901.0,28438296.0,71.89094543457031,28.10905838012696
Venezuela,2010,3932.239013671875,1.439,6.579703808,477591738082.0,28813101.0,67.49296569824219,32.50703048706055
Venezuela,2011,4024.982666015625,0.937,5.780751705,502688619769.0,29185220.0,70.93082427978516,29.06917762756348
Venezuela,2012,4330.06494140625,0.926,5.949992657,530969916373.0,29553829.0,63.95448303222656,36.04551696777344
Venezuela,2013,4513.20947265625,1.265,6.634490013,538100828642.0,29912195.0,61.88854598999024,38.111446380615234
Venezuela,2014,3779.986083984375,1.215,5.817119598,517147151484.0,30254080.0,55.8708610534668,44.12913131713867
Venezuela,2015,4139.14208984375,1.562,5.44019556,484975458402.0,30573968.0,58.81430435180664,41.18569946289063
Venezuela,2016,3764.90478515625,1.572,4.964403629,402335647692.0,30765719.0,53.92509078979492,46.07490921020508
Venezuela,2017,3361.324462890625,1.224,4.550688267,339285602968.0,30565331.0,58.3911361694336,41.60886001586914
Venezuela,2018,3310.901611328125,1.144,3.731921196,272599019803.0,29807591.0,58.36927032470703,41.63072967529297
Vietnam,2001,392.5901489257813,0.655,0.78214556,234846323475.0,77969357.0,59.490360260009766,40.50963592529297
Vietnam,2002,454.4748840332031,0.704,0.882683575,250683369279.0,78772227.0,50.83799362182617,49.16201400756836
Vietnam,2003,514.4300537109375,1.022,0.97105819,268202912195.0,79563778.0,46.39628601074219,53.60371398925781
Vietnam,2004,575.0633544921875,0.386,1.107048988,288148996981.0,80338977.0,38.57142639160156,61.42856979370117
Vietnam,2005,646.948974609375,0.839,1.181946635,308988652738.0,81088309.0,31.835636138916016,68.16436004638672
Vietnam,2006,716.4598388671875,0.862,1.212832689,329425429734.0,82167901.0,34.145076751708984,65.85491943359375
Vietnam,2007,798.6046142578125,0.501,1.212824821,351786434406.0,83633374.0,35.09975051879883,64.9002456665039
Vietnam,2008,870.787353515625,0.201,1.341925621,370681828207.0,85175789.0,36.68780899047852,63.31219100952149
Vietnam,2009,975.8267211914062,0.689,1.439895391,389670892896.0,86460023.0,37.26438522338867,62.73561477661133
Vietnam,2010,1101.8218994140625,1.101,1.595833302,413666257649.0,87455148.0,31.203662872314453,68.79633331298828
Vietnam,2011,1191.160888671875,0.124,1.724503636,438354712953.0,88468315.0,40.5772819519043,59.42271423339844
Vietnam,2012,1302.7542724609375,0.759,1.611964703,462486159336.0,89510355.0,46.38763046264648,53.61236572265625
Vietnam,2013,1399.86376953125,0.911,1.672233343,488172621311.0,90573103.0,46.56917953491211,53.43082046508789
Vietnam,2014,1556.39892578125,0.577,1.963878036,519523061605.0,91679582.0,44.10619354248047,55.893802642822266
Vietnam,2015,1755.055908203125,1.234,2.298899174,555822142751.0,92823254.0,34.780460357666016,65.21954345703125
Vietnam,2016,1920.21044921875,1.202,2.351348162,593006635951.0,94000115.0,35.8709602355957,64.12904357910156
Vietnam,2017,2053.33251953125,1.156,2.392326117,634161327073.0,95176978.0,44.42789840698242,55.57210159301758
Vietnam,2018,2273.54638671875,0.849,2.654567003,681501440291.0,96237319.0,38.71443176269531,61.28557586669922
Zambia,2001,665.36328125,0.386,0.182621703,16519069217.0,10325186.0,99.37027740478516,0.6297229528427124
Zambia,2002,692.1516723632812,0.788,0.184156582,17827940431.0,10647955.0,99.26470947265624,0.7352941036224365
Zambia,2003,711.0598754882812,0.963,0.188864514,19691239689.0,10983604.0,99.2788543701172,0.7211538553237915
Zambia,2004,730.2745361328125,0.444,0.185578912,21770250951.0,11338201.0,99.4124526977539,0.5875440835952759
Zambia,2005,742.3956298828125,1.174,0.191362545,24119806314.0,11718819.0,99.32886505126952,0.6711409687995911
Zambia,2006,756.0043334960938,0.606,0.18394056,26908652008.0,12129560.0,99.89669036865234,0.1033057793974876
Zambia,2007,756.0628662109375,0.871,0.182852522,30152606854.0,12565093.0,99.8962631225586,0.1037344336509704
Zambia,2008,744.9317626953125,0.31,0.196065113,33594604263.0,13021327.0,99.89507293701172,0.1049317941069603
Zambia,2009,690.1206665039062,0.37,0.217924237,37919541851.0,13490395.0,99.89888763427734,0.1011122316122055
Zambia,2010,708.1690673828125,1.349,0.22346665,43221855090.0,13965592.0,99.90430450439452,0.0956937819719314
Zambia,2011,802.0614624023438,0.899,0.234049857,47143916201.0,14437796.0,99.9129638671875,0.0870321989059448
Zambia,2012,774.4592895507812,0.952,0.280068278,50725916750.0,14913631.0,99.83832550048828,0.1616814881563186
Zambia,2013,798.103759765625,0.856,0.28745684,53291123090.0,15399000.0,99.84961700439452,0.1503759324550628
Zambia,2014,835.4660034179688,0.628,0.332378387,55794746119.0,15895320.0,97.17630004882812,2.823691368103028
Zambia,2015,800.0443115234375,1.557,0.336755723,57423952993.0,16399092.0,97.03922271728516,2.960769891738892
Zambia,2016,778.0339965820312,1.286,0.353418171,59592851316.0,16914428.0,94.30756378173828,5.692438125610352
Zambia,2017,817.0249633789062,0.381,0.427655965,61680980857.0,17441328.0,86.33241271972656,13.667582511901855
Zambia,2018,846.2423706054688,0.738,0.481696129,64169815579.0,17973574.0,84.64373016357422,15.3562650680542
Zimbabwe,2001,999.8410034179688,0.221,1.044839859,26781181341.0,11971904.0,37.468353271484375,62.531646728515625
Zimbabwe,2002,1041.5579833984375,0.671,0.98413074,24872482259.0,12087661.0,44.40559387207031,55.59440612792969
Zimbabwe,2003,978.5548706054688,0.649,0.867339909,20952016540.0,12232324.0,60.7508544921875,39.249149322509766
Zimbabwe,2004,951.0023193359376,0.195,0.76247108,19792844101.0,12365901.0,56.5843620300293,43.41563415527344
Zimbabwe,2005,988.5101318359376,1.333,0.857014954,18444472497.0,12483433.0,52.4572639465332,47.5427360534668
Zimbabwe,2006,940.1380615234376,-0.034,0.820283175,18043000167.0,12636442.0,67.79448699951172,32.20551300048828
Zimbabwe,2007,822.395263671875,0.355,0.768128216,17769105175.0,12804062.0,71.57894897460938,28.42105484008789
Zimbabwe,2008,675.1984252929688,0.235,0.595725179,15050245186.0,12959154.0,75.8846664428711,24.115333557128903
Zimbabwe,2009,652.0684814453125,-0.161,0.627702951,16275797005.0,13142791.0,75.72016143798828,24.279834747314453
Zimbabwe,2010,701.5283813476562,1.12,0.655409634,17918418386.0,13356551.0,67.93981170654297,32.060184478759766
Zimbabwe,2011,718.6243286132812,0.56,0.762256563,19554105000.0,13595421.0,57.688114166259766,42.31188583374024
Zimbabwe,2012,701.9886474609375,0.617,0.814700007,22811427551.0,13817887.0,60.21858596801758,39.78142547607422
Zimbabwe,2013,718.5768432617188,0.366,0.832847953,23261956135.0,14013811.0,53.77358627319336,46.22641372680664
Zimbabwe,2014,686.967529296875,0.287,0.84084177,23818844326.0,14207367.0,55.17241668701172,44.82758712768555
Zimbabwe,2015,659.0731811523438,1.053,0.834557056,24246158745.0,14399008.0,52.55474472045898,47.445255279541016
Zimbabwe,2016,617.795654296875,1.336,0.725207329,24362052665.0,14600297.0,44.90934371948242,55.09065628051758
Zimbabwe,2017,659.5787963867188,0.29,0.663667917,25576014023.0,14812484.0,54.70198822021485,45.29801177978516
Zimbabwe,2018,695.0700073242188,0.562,0.745569885,26786271482.0,15034457.0,55.67338180541992,44.32661437988281
